DATE,SERIES,OPEN,HIGH,LOW,PREV. CLOSE,LTP,CLOSE,VWAP,VOLUME,VALUE,NO OF TRADES,DELIVERY QTY,DELIVERY %,SYMBOL
2022-01-03,INDEX,35585.2,36492.1,35526.6,36421.9,36421.9,36421.9,0,0,0,0,0,0,NIFTYBANK
2022-01-04,INDEX,36551.25,36887.8,36374.4,36840.15,36840.15,36840.15,0,0,0,0,0,0,NIFTYBANK
2022-01-05,INDEX,36943.55,37862.4,36756.35,37695.9,37695.9,37695.9,0,0,0,0,0,0,NIFTYBANK
2022-01-06,INDEX,37242.55,37752.5,37058.45,37490.25,37490.25,37490.25,0,0,0,0,0,0,NIFTYBANK
2022-01-07,INDEX,37667.05,38134.85,37427.8,37739.6,37739.6,37739.6,0,0,0,0,0,0,NIFTYBANK
2022-01-10,INDEX,37930.55,38400.35,37929.35,38347.9,38347.9,38347.9,0,0,0,0,0,0,NIFTYBANK
2022-01-11,INDEX,38370.0,38504.6,38031.75,38442.2,38442.2,38442.2,0,0,0,0,0,0,NIFTYBANK
2022-01-12,INDEX,38719.6,38851.45,38604.6,38727.55,38727.55,38727.55,0,0,0,0,0,0,NIFTYBANK
2022-01-13,INDEX,38717.55,38717.55,38376.15,38469.95,38469.95,38469.95,0,0,0,0,0,0,NIFTYBANK
2022-01-14,INDEX,38302.35,38448.05,38007.75,38370.4,38370.4,38370.4,0,0,0,0,0,0,NIFTYBANK
2022-01-17,INDEX,38212.55,38617.5,38138.25,38216.15,38216.15,38216.15,0,0,0,0,0,0,NIFTYBANK
2022-01-18,INDEX,38337.4,38855.55,38095.4,38210.3,38210.3,38210.3,0,0,0,0,0,0,NIFTYBANK
2022-01-19,INDEX,38145.75,38330.5,37769.25,38041.35,38041.35,38041.35,0,0,0,0,0,0,NIFTYBANK
2022-01-20,INDEX,38106.1,38167.95,37591.85,37850.85,37850.85,37850.85,0,0,0,0,0,0,NIFTYBANK
2022-01-21,INDEX,37522.35,37741.0,37224.25,37574.3,37574.3,37574.3,0,0,0,0,0,0,NIFTYBANK
2022-01-24,INDEX,37601.95,37694.7,36375.35,36947.55,36947.55,36947.55,0,0,0,0,0,0,NIFTYBANK
2022-01-25,INDEX,36598.05,37788.8,36415.6,37706.75,37706.75,37706.75,0,0,0,0,0,0,NIFTYBANK
2022-01-27,INDEX,37058.2,38147.65,37012.25,37982.1,37982.1,37982.1,0,0,0,0,0,0,NIFTYBANK
2022-01-28,INDEX,38246.6,38421.7,37581.5,37689.4,37689.4,37689.4,0,0,0,0,0,0,NIFTYBANK
2022-01-31,INDEX,38091.8,38217.25,37647.85,37975.35,37975.35,37975.35,0,0,0,0,0,0,NIFTYBANK
2022-02-01,INDEX,38460.45,38802.7,37690.6,38505.5,38505.5,38505.5,0,0,0,0,0,0,NIFTYBANK
2022-02-02,INDEX,38841.55,39386.6,38752.65,39330.5,39330.5,39330.5,0,0,0,0,0,0,NIFTYBANK
2022-02-03,INDEX,39255.7,39424.85,38861.15,39010.0,39010.0,39010.0,0,0,0,0,0,0,NIFTYBANK
2022-02-04,INDEX,39128.0,39278.6,38562.6,38789.35,38789.35,38789.35,0,0,0,0,0,0,NIFTYBANK
2022-02-07,INDEX,38592.05,38837.55,37802.7,37995.45,37995.45,37995.45,0,0,0,0,0,0,NIFTYBANK
2022-02-08,INDEX,38176.1,38222.1,37319.05,38028.45,38028.45,38028.45,0,0,0,0,0,0,NIFTYBANK
2022-02-09,INDEX,38283.6,38648.15,38192.0,38610.25,38610.25,38610.25,0,0,0,0,0,0,NIFTYBANK
2022-02-10,INDEX,38801.45,39197.2,38520.0,39010.95,39010.95,39010.95,0,0,0,0,0,0,NIFTYBANK
2022-02-11,INDEX,38567.65,38790.25,38396.4,38517.25,38517.25,38517.25,0,0,0,0,0,0,NIFTYBANK
2022-02-14,INDEX,37664.0,37796.55,36828.05,36908.55,36908.55,36908.55,0,0,0,0,0,0,NIFTYBANK
2022-02-15,INDEX,36989.8,38231.6,36651.85,38170.1,38170.1,38170.1,0,0,0,0,0,0,NIFTYBANK
2022-02-16,INDEX,38296.5,38461.7,37762.8,37953.8,37953.8,37953.8,0,0,0,0,0,0,NIFTYBANK
2022-02-17,INDEX,38042.1,38124.5,37425.6,37531.65,37531.65,37531.65,0,0,0,0,0,0,NIFTYBANK
2022-02-18,INDEX,37344.45,37817.55,37304.45,37599.15,37599.15,37599.15,0,0,0,0,0,0,NIFTYBANK
2022-02-21,INDEX,37400.0,38054.4,37156.8,37685.6,37685.6,37685.6,0,0,0,0,0,0,NIFTYBANK
2022-02-22,INDEX,36833.0,37659.4,36818.1,37371.65,37371.65,37371.65,0,0,0,0,0,0,NIFTYBANK
2022-02-23,INDEX,37628.55,37774.6,37318.0,37392.05,37392.05,37392.05,0,0,0,0,0,0,NIFTYBANK
2022-02-24,INDEX,36085.2,36709.15,34991.35,35228.1,35228.1,35228.1,0,0,0,0,0,0,NIFTYBANK
2022-02-25,INDEX,35901.7,36684.65,35768.2,36430.75,36430.75,36430.75,0,0,0,0,0,0,NIFTYBANK
2022-02-28,INDEX,35938.95,36270.25,35611.9,36205.3,36205.3,36205.3,0,0,0,0,0,0,NIFTYBANK
2022-03-02,INDEX,35381.9,35553.7,34897.45,35372.8,35372.8,35372.8,0,0,0,0,0,0,NIFTYBANK
2022-03-03,INDEX,35621.15,35804.15,34721.15,34944.3,34944.3,34944.3,0,0,0,0,0,0,NIFTYBANK
2022-03-04,INDEX,34526.1,35097.75,34094.1,34407.8,34407.8,34407.8,0,0,0,0,0,0,NIFTYBANK
2022-03-07,INDEX,33278.15,33543.3,32376.5,32871.25,32871.25,32871.25,0,0,0,0,0,0,NIFTYBANK
2022-03-08,INDEX,32531.9,33263.55,32155.35,33158.1,33158.1,33158.1,0,0,0,0,0,0,NIFTYBANK
2022-03-09,INDEX,33278.9,33969.5,32948.9,33815.45,33815.45,33815.45,0,0,0,0,0,0,NIFTYBANK
2022-03-10,INDEX,35153.95,35374.15,34218.05,34475.6,34475.6,34475.6,0,0,0,0,0,0,NIFTYBANK
2022-03-11,INDEX,34331.0,34880.05,34094.3,34546.25,34546.25,34546.25,0,0,0,0,0,0,NIFTYBANK
2022-03-14,INDEX,34660.25,35435.1,34625.05,35312.15,35312.15,35312.15,0,0,0,0,0,0,NIFTYBANK
2022-03-15,INDEX,35467.95,35643.8,34706.05,35022.65,35022.65,35022.65,0,0,0,0,0,0,NIFTYBANK
2022-03-16,INDEX,35555.75,35806.35,35461.55,35748.25,35748.25,35748.25,0,0,0,0,0,0,NIFTYBANK
2022-03-17,INDEX,36302.0,36611.95,36261.65,36428.55,36428.55,36428.55,0,0,0,0,0,0,NIFTYBANK
2022-03-21,INDEX,36545.85,36600.2,35900.2,36018.5,36018.5,36018.5,0,0,0,0,0,0,NIFTYBANK
2022-03-22,INDEX,35975.6,36468.8,35384.75,36348.55,36348.55,36348.55,0,0,0,0,0,0,NIFTYBANK
2022-03-23,INDEX,36627.7,36827.6,36064.75,36147.35,36147.35,36147.35,0,0,0,0,0,0,NIFTYBANK
2022-03-24,INDEX,35633.7,35957.7,35421.7,35527.1,35527.1,35527.1,0,0,0,0,0,0,NIFTYBANK
2022-03-25,INDEX,35700.4,35717.4,35203.85,35410.1,35410.1,35410.1,0,0,0,0,0,0,NIFTYBANK
2022-03-28,INDEX,35488.7,35770.8,35016.3,35710.5,35710.5,35710.5,0,0,0,0,0,0,NIFTYBANK
2022-03-29,INDEX,35931.75,35977.2,35506.55,35847.4,35847.4,35847.4,0,0,0,0,0,0,NIFTYBANK
2022-03-30,INDEX,36241.55,36421.1,36070.55,36334.3,36334.3,36334.3,0,0,0,0,0,0,NIFTYBANK
2022-03-31,INDEX,36457.2,36590.85,36278.15,36373.6,36373.6,36373.6,0,0,0,0,0,0,NIFTYBANK
2022-04-01,INDEX,36298.35,37209.8,36242.35,37148.5,37148.5,37148.5,0,0,0,0,0,0,NIFTYBANK
2022-04-04,INDEX,37824.95,38765.85,37665.55,38635.2,38635.2,38635.2,0,0,0,0,0,0,NIFTYBANK
2022-04-05,INDEX,38731.3,38759.25,37935.95,38067.9,38067.9,38067.9,0,0,0,0,0,0,NIFTYBANK
2022-04-06,INDEX,37711.3,37868.5,37513.85,37632.8,37632.8,37632.8,0,0,0,0,0,0,NIFTYBANK
2022-04-07,INDEX,37421.75,37975.9,37346.8,37557.35,37557.35,37557.35,0,0,0,0,0,0,NIFTYBANK
2022-04-08,INDEX,37619.7,37884.2,37405.2,37752.05,37752.05,37752.05,0,0,0,0,0,0,NIFTYBANK
2022-04-11,INDEX,37591.75,37941.75,37524.45,37613.8,37613.8,37613.8,0,0,0,0,0,0,NIFTYBANK
2022-04-12,INDEX,37407.4,37920.6,37264.45,37747.4,37747.4,37747.4,0,0,0,0,0,0,NIFTYBANK
2022-04-13,INDEX,37887.3,37988.6,37408.2,37463.4,37463.4,37463.4,0,0,0,0,0,0,NIFTYBANK
2022-04-18,INDEX,36833.15,36965.85,36441.35,36729.0,36729.0,36729.0,0,0,0,0,0,0,NIFTYBANK
2022-04-19,INDEX,36806.8,37123.55,35926.3,36341.6,36341.6,36341.6,0,0,0,0,0,0,NIFTYBANK
2022-04-20,INDEX,36482.6,36513.85,36114.05,36314.9,36314.9,36314.9,0,0,0,0,0,0,NIFTYBANK
2022-04-21,INDEX,36513.1,36913.35,36395.7,36816.1,36816.1,36816.1,0,0,0,0,0,0,NIFTYBANK
2022-04-22,INDEX,36514.15,36578.95,35991.5,36044.75,36044.75,36044.75,0,0,0,0,0,0,NIFTYBANK
2022-04-25,INDEX,35792.35,36270.15,35511.4,36082.35,36082.35,36082.35,0,0,0,0,0,0,NIFTYBANK
2022-04-26,INDEX,36515.35,36604.55,36265.9,36404.8,36404.8,36404.8,0,0,0,0,0,0,NIFTYBANK
2022-04-27,INDEX,36067.55,36175.9,35747.15,36028.85,36028.85,36028.85,0,0,0,0,0,0,NIFTYBANK
2022-04-28,INDEX,36189.95,36501.1,35951.1,36422.2,36422.2,36422.2,0,0,0,0,0,0,NIFTYBANK
2022-04-29,INDEX,36474.05,36718.8,35978.95,36088.15,36088.15,36088.15,0,0,0,0,0,0,NIFTYBANK
2022-05-02,INDEX,35627.6,36235.25,35618.2,36163.75,36163.75,36163.75,0,0,0,0,0,0,NIFTYBANK
2022-05-04,INDEX,36266.15,36309.3,35127.85,35264.55,35264.55,35264.55,0,0,0,0,0,0,NIFTYBANK
2022-05-05,INDEX,35705.35,35934.85,35133.8,35232.85,35232.85,35232.85,0,0,0,0,0,0,NIFTYBANK
2022-05-06,INDEX,34569.1,34797.95,34353.2,34591.2,34591.2,34591.2,0,0,0,0,0,0,NIFTYBANK
2022-05-09,INDEX,34091.75,34554.35,33927.2,34275.4,34275.4,34275.4,0,0,0,0,0,0,NIFTYBANK
2022-05-10,INDEX,34181.2,34781.8,34176.8,34482.65,34482.65,34482.65,0,0,0,0,0,0,NIFTYBANK
2022-05-11,INDEX,34686.3,34793.2,34143.2,34693.15,34693.15,34693.15,0,0,0,0,0,0,NIFTYBANK
2022-05-12,INDEX,34289.1,34341.2,33297.65,33532.15,33532.15,33532.15,0,0,0,0,0,0,NIFTYBANK
2022-05-13,INDEX,33925.95,34002.2,33007.9,33121.35,33121.35,33121.35,0,0,0,0,0,0,NIFTYBANK
2022-05-16,INDEX,33256.0,33821.65,33001.75,33597.6,33597.6,33597.6,0,0,0,0,0,0,NIFTYBANK
2022-05-17,INDEX,33796.2,34366.05,33680.6,34301.9,34301.9,34301.9,0,0,0,0,0,0,NIFTYBANK
2022-05-18,INDEX,34448.2,34655.8,34134.7,34163.7,34163.7,34163.7,0,0,0,0,0,0,NIFTYBANK
2022-05-19,INDEX,33461.0,33633.95,33180.6,33315.65,33315.65,33315.65,0,0,0,0,0,0,NIFTYBANK
2022-05-20,INDEX,33765.15,34358.05,33658.05,34276.4,34276.4,34276.4,0,0,0,0,0,0,NIFTYBANK
2022-05-23,INDEX,34321.4,34819.95,34117.35,34247.6,34247.6,34247.6,0,0,0,0,0,0,NIFTYBANK
2022-05-24,INDEX,34223.2,34586.45,34115.8,34290.15,34290.15,34290.15,0,0,0,0,0,0,NIFTYBANK
2022-05-25,INDEX,34491.8,34722.6,34285.8,34339.5,34339.5,34339.5,0,0,0,0,0,0,NIFTYBANK
2022-05-26,INDEX,34670.6,35222.05,34424.75,35094.9,35094.9,35094.9,0,0,0,0,0,0,NIFTYBANK
2022-05-27,INDEX,35326.6,35694.85,35291.95,35613.3,35613.3,35613.3,0,0,0,0,0,0,NIFTYBANK
2022-05-30,INDEX,35958.8,36083.7,35748.45,35826.95,35826.95,35826.95,0,0,0,0,0,0,NIFTYBANK
2022-05-31,INDEX,35615.3,35881.95,35288.95,35487.4,35487.4,35487.4,0,0,0,0,0,0,NIFTYBANK
2022-06-01,INDEX,35358.95,35768.7,35285.45,35620.8,35620.8,35620.8,0,0,0,0,0,0,NIFTYBANK
2022-06-02,INDEX,35470.95,35676.2,35385.0,35613.65,35613.65,35613.65,0,0,0,0,0,0,NIFTYBANK
2022-06-03,INDEX,35929.55,35958.45,35175.1,35275.05,35275.05,35275.05,0,0,0,0,0,0,NIFTYBANK
2022-06-06,INDEX,35159.15,35424.5,35072.3,35310.2,35310.2,35310.2,0,0,0,0,0,0,NIFTYBANK
2022-06-07,INDEX,35080.8,35154.3,34834.4,34996.0,34996.0,34996.0,0,0,0,0,0,0,NIFTYBANK
2022-06-08,INDEX,35165.65,35449.9,34831.75,34946.15,34946.15,34946.15,0,0,0,0,0,0,NIFTYBANK
2022-06-09,INDEX,34802.25,35149.1,34659.1,35085.45,35085.45,35085.45,0,0,0,0,0,0,NIFTYBANK
2022-06-10,INDEX,34686.95,34752.45,34346.65,34483.8,34483.8,34483.8,0,0,0,0,0,0,NIFTYBANK
2022-06-13,INDEX,33728.65,33774.05,33210.35,33405.85,33405.85,33405.85,0,0,0,0,0,0,NIFTYBANK
2022-06-14,INDEX,33180.6,33618.15,33123.9,33311.35,33311.35,33311.35,0,0,0,0,0,0,NIFTYBANK
2022-06-15,INDEX,33317.8,33554.55,33249.55,33339.0,33339.0,33339.0,0,0,0,0,0,0,NIFTYBANK
2022-06-16,INDEX,33648.8,33756.5,32537.95,32617.1,32617.1,32617.1,0,0,0,0,0,0,NIFTYBANK
2022-06-17,INDEX,32393.45,32889.8,32290.55,32743.05,32743.05,32743.05,0,0,0,0,0,0,NIFTYBANK
2022-06-20,INDEX,32873.4,32926.1,32426.4,32684.8,32684.8,32684.8,0,0,0,0,0,0,NIFTYBANK
2022-06-21,INDEX,32978.05,33593.8,32797.55,33191.75,33191.75,33191.75,0,0,0,0,0,0,NIFTYBANK
2022-06-22,INDEX,33051.65,33106.95,32758.15,32845.3,32845.3,32845.3,0,0,0,0,0,0,NIFTYBANK
2022-06-23,INDEX,32927.4,33431.75,32652.15,33135.0,33135.0,33135.0,0,0,0,0,0,0,NIFTYBANK
2022-06-24,INDEX,33434.8,33721.9,33390.85,33627.45,33627.45,33627.45,0,0,0,0,0,0,NIFTYBANK
2022-06-27,INDEX,34126.2,34147.5,33735.5,33811.25,33811.25,33811.25,0,0,0,0,0,0,NIFTYBANK
2022-06-28,INDEX,33578.2,33745.3,33503.3,33642.45,33642.45,33642.45,0,0,0,0,0,0,NIFTYBANK
2022-06-29,INDEX,33273.55,33422.8,33185.25,33269.9,33269.9,33269.9,0,0,0,0,0,0,NIFTYBANK
2022-06-30,INDEX,33180.7,33659.3,33179.6,33425.1,33425.1,33425.1,0,0,0,0,0,0,NIFTYBANK
2022-07-01,INDEX,33264.75,33666.5,33080.45,33539.45,33539.45,33539.45,0,0,0,0,0,0,NIFTYBANK
2022-07-04,INDEX,33558.85,33978.5,33515.6,33940.9,33940.9,33940.9,0,0,0,0,0,0,NIFTYBANK
2022-07-05,INDEX,34084.7,34361.05,33757.0,33815.9,33815.9,33815.9,0,0,0,0,0,0,NIFTYBANK
2022-07-06,INDEX,33929.4,34388.5,33876.15,34324.25,34324.25,34324.25,0,0,0,0,0,0,NIFTYBANK
2022-07-07,INDEX,34627.4,34965.75,34553.1,34920.3,34920.3,34920.3,0,0,0,0,0,0,NIFTYBANK
2022-07-08,INDEX,35258.9,35262.1,34977.75,35124.05,35124.05,35124.05,0,0,0,0,0,0,NIFTYBANK
2022-07-11,INDEX,35017.6,35543.1,35006.55,35469.65,35469.65,35469.65,0,0,0,0,0,0,NIFTYBANK
2022-07-12,INDEX,35298.7,35419.65,35047.5,35132.25,35132.25,35132.25,0,0,0,0,0,0,NIFTYBANK
2022-07-13,INDEX,35259.8,35308.15,34757.6,34827.8,34827.8,34827.8,0,0,0,0,0,0,NIFTYBANK
2022-07-14,INDEX,34817.95,35027.6,34558.45,34651.2,34651.2,34651.2,0,0,0,0,0,0,NIFTYBANK
2022-07-15,INDEX,34734.45,34899.95,34463.9,34682.65,34682.65,34682.65,0,0,0,0,0,0,NIFTYBANK
2022-07-18,INDEX,34841.85,35382.5,34804.4,35358.7,35358.7,35358.7,0,0,0,0,0,0,NIFTYBANK
2022-07-19,INDEX,35113.25,35761.65,35110.5,35720.35,35720.35,35720.35,0,0,0,0,0,0,NIFTYBANK
2022-07-20,INDEX,36061.3,36182.7,35876.55,35972.1,35972.1,35972.1,0,0,0,0,0,0,NIFTYBANK
2022-07-21,INDEX,36026.55,36331.7,35887.35,36201.0,36201.0,36201.0,0,0,0,0,0,0,NIFTYBANK
2022-07-22,INDEX,36322.9,36823.45,36286.35,36738.95,36738.95,36738.95,0,0,0,0,0,0,NIFTYBANK
2022-07-25,INDEX,36766.7,37011.2,36464.65,36726.4,36726.4,36726.4,0,0,0,0,0,0,NIFTYBANK
2022-07-26,INDEX,36688.55,36695.75,36334.1,36408.5,36408.5,36408.5,0,0,0,0,0,0,NIFTYBANK
2022-07-27,INDEX,36370.55,36808.3,36248.6,36783.75,36783.75,36783.75,0,0,0,0,0,0,NIFTYBANK
2022-07-28,INDEX,37102.45,37414.4,37028.5,37378.15,37378.15,37378.15,0,0,0,0,0,0,NIFTYBANK
2022-07-29,INDEX,37717.3,37754.65,37221.15,37491.4,37491.4,37491.4,0,0,0,0,0,0,NIFTYBANK
2022-08-01,INDEX,37594.15,37939.6,37407.2,37903.2,37903.2,37903.2,0,0,0,0,0,0,NIFTYBANK
2022-08-02,INDEX,37767.7,38179.85,37632.3,38024.0,38024.0,38024.0,0,0,0,0,0,0,NIFTYBANK
2022-08-03,INDEX,37954.55,38068.6,37692.95,37989.25,37989.25,37989.25,0,0,0,0,0,0,NIFTYBANK
2022-08-04,INDEX,38111.05,38231.85,37249.5,37755.55,37755.55,37755.55,0,0,0,0,0,0,NIFTYBANK
2022-08-05,INDEX,37868.25,38150.45,37779.9,37920.6,37920.6,37920.6,0,0,0,0,0,0,NIFTYBANK
2022-08-08,INDEX,37847.35,38302.35,37681.45,38237.4,38237.4,38237.4,0,0,0,0,0,0,NIFTYBANK
2022-08-10,INDEX,38298.85,38402.95,38155.3,38287.85,38287.85,38287.85,0,0,0,0,0,0,NIFTYBANK
2022-08-11,INDEX,38712.95,38932.1,38648.9,38879.85,38879.85,38879.85,0,0,0,0,0,0,NIFTYBANK
2022-08-12,INDEX,38942.45,39088.9,38739.95,39042.3,39042.3,39042.3,0,0,0,0,0,0,NIFTYBANK
2022-08-16,INDEX,39284.1,39444.6,39119.9,39239.65,39239.65,39239.65,0,0,0,0,0,0,NIFTYBANK
2022-08-17,INDEX,39351.3,39504.5,39202.8,39461.7,39461.7,39461.7,0,0,0,0,0,0,NIFTYBANK
2022-08-18,INDEX,39324.4,39703.7,39291.15,39656.15,39656.15,39656.15,0,0,0,0,0,0,NIFTYBANK
2022-08-19,INDEX,39732.65,39759.15,38848.4,38985.95,38985.95,38985.95,0,0,0,0,0,0,NIFTYBANK
2022-08-22,INDEX,38693.65,38732.85,38247.25,38297.75,38297.75,38297.75,0,0,0,0,0,0,NIFTYBANK
2022-08-23,INDEX,37955.45,38869.9,37950.85,38697.65,38697.65,38697.65,0,0,0,0,0,0,NIFTYBANK
2022-08-24,INDEX,38552.7,39120.8,38552.2,39038.5,39038.5,39038.5,0,0,0,0,0,0,NIFTYBANK
2022-08-25,INDEX,39190.05,39471.75,38803.7,38950.75,38950.75,38950.75,0,0,0,0,0,0,NIFTYBANK
2022-08-26,INDEX,39129.65,39337.1,38846.8,38987.15,38987.15,38987.15,0,0,0,0,0,0,NIFTYBANK
2022-08-29,INDEX,38111.6,38397.1,37943.85,38276.7,38276.7,38276.7,0,0,0,0,0,0,NIFTYBANK
2022-08-30,INDEX,38516.95,39606.55,38472.7,39536.75,39536.75,39536.75,0,0,0,0,0,0,NIFTYBANK
2022-09-01,INDEX,38806.7,39667.65,38803.3,39301.25,39301.25,39301.25,0,0,0,0,0,0,NIFTYBANK
2022-09-02,INDEX,39422.3,39595.85,39200.45,39421.0,39421.0,39421.0,0,0,0,0,0,0,NIFTYBANK
2022-09-05,INDEX,39412.05,39865.2,39407.4,39805.75,39805.75,39805.75,0,0,0,0,0,0,NIFTYBANK
2022-09-06,INDEX,39892.95,40073.75,39564.3,39666.5,39666.5,39666.5,0,0,0,0,0,0,NIFTYBANK
2022-09-07,INDEX,39337.75,39572.05,39258.25,39455.9,39455.9,39455.9,0,0,0,0,0,0,NIFTYBANK
2022-09-08,INDEX,39763.9,40265.75,39706.4,40208.95,40208.95,40208.95,0,0,0,0,0,0,NIFTYBANK
2022-09-09,INDEX,40520.75,40685.95,40280.3,40415.7,40415.7,40415.7,0,0,0,0,0,0,NIFTYBANK
2022-09-12,INDEX,40540.45,40684.9,40377.9,40574.0,40574.0,40574.0,0,0,0,0,0,0,NIFTYBANK
2022-09-13,INDEX,40802.1,40904.3,40693.95,40873.1,40873.1,40873.1,0,0,0,0,0,0,NIFTYBANK
2022-09-14,INDEX,40308.8,41626.9,40288.9,41405.4,41405.4,41405.4,0,0,0,0,0,0,NIFTYBANK
2022-09-15,INDEX,41533.7,41840.15,41153.5,41209.2,41209.2,41209.2,0,0,0,0,0,0,NIFTYBANK
2022-09-16,INDEX,40977.2,41162.5,40502.05,40776.8,40776.8,40776.8,0,0,0,0,0,0,NIFTYBANK
2022-09-19,INDEX,40685.6,41184.25,40509.9,40904.4,40904.4,40904.4,0,0,0,0,0,0,NIFTYBANK
2022-09-20,INDEX,41304.15,41677.65,41207.3,41468.3,41468.3,41468.3,0,0,0,0,0,0,NIFTYBANK
2022-09-21,INDEX,41282.6,41501.7,40889.15,41203.45,41203.45,41203.45,0,0,0,0,0,0,NIFTYBANK
2022-09-22,INDEX,40889.05,41159.2,40360.2,40630.6,40630.6,40630.6,0,0,0,0,0,0,NIFTYBANK
2022-09-23,INDEX,40429.35,40528.4,39412.7,39546.25,39546.25,39546.25,0,0,0,0,0,0,NIFTYBANK
2022-09-26,INDEX,39027.85,39229.4,38492.2,38616.25,38616.25,38616.25,0,0,0,0,0,0,NIFTYBANK
2022-09-27,INDEX,38811.7,39050.5,38184.9,38359.15,38359.15,38359.15,0,0,0,0,0,0,NIFTYBANK
2022-09-28,INDEX,38081.25,38368.8,37626.2,37759.85,37759.85,37759.85,0,0,0,0,0,0,NIFTYBANK
2022-09-29,INDEX,38092.85,38283.4,37536.65,37647.75,37647.75,37647.75,0,0,0,0,0,0,NIFTYBANK
2022-09-30,INDEX,37660.0,38811.0,37386.35,38631.95,38631.95,38631.95,0,0,0,0,0,0,NIFTYBANK
2022-10-03,INDEX,38444.9,38641.6,37963.25,38029.65,38029.65,38029.65,0,0,0,0,0,0,NIFTYBANK
2022-10-04,INDEX,38700.4,39177.5,38596.9,39110.05,39110.05,39110.05,0,0,0,0,0,0,NIFTYBANK
2022-10-06,INDEX,39343.7,39608.35,39232.9,39282.85,39282.85,39282.85,0,0,0,0,0,0,NIFTYBANK
2022-10-07,INDEX,39093.5,39235.05,38807.5,39178.05,39178.05,39178.05,0,0,0,0,0,0,NIFTYBANK
2022-10-10,INDEX,38641.55,39315.7,38518.3,39093.1,39093.1,39093.1,0,0,0,0,0,0,NIFTYBANK
2022-10-11,INDEX,39058.85,39174.95,38622.75,38712.45,38712.45,38712.45,0,0,0,0,0,0,NIFTYBANK
2022-10-12,INDEX,38784.2,39164.1,38606.4,39118.55,39118.55,39118.55,0,0,0,0,0,0,NIFTYBANK
2022-10-13,INDEX,38957.65,39061.3,38437.95,38624.0,38624.0,38624.0,0,0,0,0,0,0,NIFTYBANK
2022-10-14,INDEX,39446.05,39570.85,39196.3,39305.6,39305.6,39305.6,0,0,0,0,0,0,NIFTYBANK
2022-10-17,INDEX,39295.6,39974.7,39146.7,39920.45,39920.45,39920.45,0,0,0,0,0,0,NIFTYBANK
2022-10-18,INDEX,40252.05,40435.35,40139.85,40318.75,40318.75,40318.75,0,0,0,0,0,0,NIFTYBANK
2022-10-19,INDEX,40556.65,40643.6,40195.2,40373.2,40373.2,40373.2,0,0,0,0,0,0,NIFTYBANK
2022-10-20,INDEX,40149.5,40208.35,39848.85,40099.55,40099.55,40099.55,0,0,0,0,0,0,NIFTYBANK
2022-10-21,INDEX,40370.75,41032.25,40355.45,40784.05,40784.05,40784.05,0,0,0,0,0,0,NIFTYBANK
2022-10-24,INDEX,41348.35,41427.25,41201.15,41304.9,41304.9,41304.9,0,0,0,0,0,0,NIFTYBANK
2022-10-25,INDEX,41513.65,41530.65,41021.45,41122.75,41122.75,41122.75,0,0,0,0,0,0,NIFTYBANK
2022-10-27,INDEX,41440.7,41511.8,41178.65,41299.3,41299.3,41299.3,0,0,0,0,0,0,NIFTYBANK
2022-10-28,INDEX,41236.8,41482.4,40839.3,40990.85,40990.85,40990.85,0,0,0,0,0,0,NIFTYBANK
2022-10-31,INDEX,41265.7,41353.7,41106.1,41307.9,41307.9,41307.9,0,0,0,0,0,0,NIFTYBANK
2022-11-01,INDEX,41552.4,41677.25,41188.55,41289.55,41289.55,41289.55,0,0,0,0,0,0,NIFTYBANK
2022-11-02,INDEX,41472.6,41474.3,41060.45,41146.65,41146.65,41146.65,0,0,0,0,0,0,NIFTYBANK
2022-11-03,INDEX,40873.7,41478.0,40819.15,41298.35,41298.35,41298.35,0,0,0,0,0,0,NIFTYBANK
2022-11-04,INDEX,41314.85,41516.2,41051.15,41258.45,41258.45,41258.45,0,0,0,0,0,0,NIFTYBANK
2022-11-07,INDEX,41740.65,41779.4,41337.05,41686.7,41686.7,41686.7,0,0,0,0,0,0,NIFTYBANK
2022-11-09,INDEX,41914.85,41948.9,41667.9,41783.2,41783.2,41783.2,0,0,0,0,0,0,NIFTYBANK
2022-11-10,INDEX,41462.85,41643.9,41318.6,41603.75,41603.75,41603.75,0,0,0,0,0,0,NIFTYBANK
2022-11-11,INDEX,42163.4,42345.5,41918.1,42137.05,42137.05,42137.05,0,0,0,0,0,0,NIFTYBANK
2022-11-14,INDEX,42177.55,42231.45,41965.45,42076.75,42076.75,42076.75,0,0,0,0,0,0,NIFTYBANK
2022-11-15,INDEX,42234.85,42450.05,42079.55,42372.7,42372.7,42372.7,0,0,0,0,0,0,NIFTYBANK
2022-11-16,INDEX,42371.8,42611.75,42296.3,42535.3,42535.3,42535.3,0,0,0,0,0,0,NIFTYBANK
2022-11-17,INDEX,42399.65,42622.75,42366.55,42458.05,42458.05,42458.05,0,0,0,0,0,0,NIFTYBANK
2022-11-18,INDEX,42545.75,42590.75,42223.7,42437.45,42437.45,42437.45,0,0,0,0,0,0,NIFTYBANK
2022-11-21,INDEX,42286.95,42386.8,42202.55,42346.55,42346.55,42346.55,0,0,0,0,0,0,NIFTYBANK
2022-11-22,INDEX,42467.4,42508.75,42347.15,42457.05,42457.05,42457.05,0,0,0,0,0,0,NIFTYBANK
2022-11-23,INDEX,42668.55,42860.55,42556.4,42729.1,42729.1,42729.1,0,0,0,0,0,0,NIFTYBANK
2022-11-24,INDEX,42838.35,43163.4,42769.65,43075.4,43075.4,43075.4,0,0,0,0,0,0,NIFTYBANK
2022-11-25,INDEX,43192.45,43339.15,42864.95,42983.95,42983.95,42983.95,0,0,0,0,0,0,NIFTYBANK
2022-11-28,INDEX,42757.2,43159.8,42740.0,43020.45,43020.45,43020.45,0,0,0,0,0,0,NIFTYBANK
2022-11-29,INDEX,42959.4,43279.6,42959.4,43053.45,43053.45,43053.45,0,0,0,0,0,0,NIFTYBANK
2022-11-30,INDEX,43122.75,43332.3,42880.05,43231.0,43231.0,43231.0,0,0,0,0,0,0,NIFTYBANK
2022-12-01,INDEX,43512.1,43515.05,43101.85,43260.65,43260.65,43260.65,0,0,0,0,0,0,NIFTYBANK
2022-12-02,INDEX,42976.7,43131.9,42937.8,43103.75,43103.75,43103.75,0,0,0,0,0,0,NIFTYBANK
2022-12-05,INDEX,43269.35,43372.15,42985.0,43332.95,43332.95,43332.95,0,0,0,0,0,0,NIFTYBANK
2022-12-06,INDEX,43093.9,43306.85,43076.4,43138.55,43138.55,43138.55,0,0,0,0,0,0,NIFTYBANK
2022-12-07,INDEX,43157.35,43327.35,42948.45,43098.7,43098.7,43098.7,0,0,0,0,0,0,NIFTYBANK
2022-12-08,INDEX,43142.25,43640.9,43095.3,43596.85,43596.85,43596.85,0,0,0,0,0,0,NIFTYBANK
2022-12-09,INDEX,43765.3,43853.4,43361.7,43633.45,43633.45,43633.45,0,0,0,0,0,0,NIFTYBANK
2022-12-12,INDEX,43455.85,43767.05,43378.8,43708.75,43708.75,43708.75,0,0,0,0,0,0,NIFTYBANK
2022-12-13,INDEX,43793.7,43983.8,43767.75,43946.55,43946.55,43946.55,0,0,0,0,0,0,NIFTYBANK
2022-12-14,INDEX,44078.6,44151.8,43987.95,44049.1,44049.1,44049.1,0,0,0,0,0,0,NIFTYBANK
2022-12-15,INDEX,43940.1,44120.6,43379.1,43498.2,43498.2,43498.2,0,0,0,0,0,0,NIFTYBANK
2022-12-16,INDEX,43261.75,43598.2,43080.55,43219.5,43219.5,43219.5,0,0,0,0,0,0,NIFTYBANK
2022-12-19,INDEX,43346.35,43451.45,43110.3,43413.75,43413.75,43413.75,0,0,0,0,0,0,NIFTYBANK
2022-12-20,INDEX,43152.65,43426.2,42955.4,43359.5,43359.5,43359.5,0,0,0,0,0,0,NIFTYBANK
2022-12-21,INDEX,43525.75,43614.65,42363.8,42617.95,42617.95,42617.95,0,0,0,0,0,0,NIFTYBANK
2022-12-22,INDEX,42864.0,42933.5,42231.35,42408.8,42408.8,42408.8,0,0,0,0,0,0,NIFTYBANK
2022-12-23,INDEX,41951.35,42226.65,41597.65,41668.05,41668.05,41668.05,0,0,0,0,0,0,NIFTYBANK
2022-12-26,INDEX,41716.35,42846.15,41569.45,42630.15,42630.15,42630.15,0,0,0,0,0,0,NIFTYBANK
2022-12-27,INDEX,42827.75,42927.2,42394.15,42859.5,42859.5,42859.5,0,0,0,0,0,0,NIFTYBANK
2022-12-28,INDEX,42733.6,43034.95,42694.85,42827.7,42827.7,42827.7,0,0,0,0,0,0,NIFTYBANK
2022-12-29,INDEX,42684.9,43498.05,42489.8,43252.35,43252.35,43252.35,0,0,0,0,0,0,NIFTYBANK
2022-12-30,INDEX,43401.7,43422.95,42833.1,42986.45,42986.45,42986.45,0,0,0,0,0,0,NIFTYBANK
2023-01-02,INDEX,43038.25,43382.75,42961.75,43203.1,43203.1,43203.1,0,0,0,0,0,0,NIFTYBANK
2023-01-03,INDEX,43151.45,43482.8,43148.45,43425.25,43425.25,43425.25,0,0,0,0,0,0,NIFTYBANK
2023-01-04,INDEX,43417.5,43578.4,42858.65,42958.8,42958.8,42958.8,0,0,0,0,0,0,NIFTYBANK
2023-01-05,INDEX,43073.05,43137.55,42298.6,42608.7,42608.7,42608.7,0,0,0,0,0,0,NIFTYBANK
2023-01-06,INDEX,42649.7,42685.9,41877.0,42188.8,42188.8,42188.8,0,0,0,0,0,0,NIFTYBANK
2023-01-09,INDEX,42404.85,42716.8,42186.55,42582.75,42582.75,42582.75,0,0,0,0,0,0,NIFTYBANK
2023-01-10,INDEX,42642.0,42674.25,41835.75,42014.75,42014.75,42014.75,0,0,0,0,0,0,NIFTYBANK
2023-01-11,INDEX,42071.85,42318.0,41729.0,42232.7,42232.7,42232.7,0,0,0,0,0,0,NIFTYBANK
2023-01-12,INDEX,42238.5,42343.5,41742.95,42082.25,42082.25,42082.25,0,0,0,0,0,0,NIFTYBANK
2023-01-13,INDEX,42171.25,42453.95,41885.6,42371.25,42371.25,42371.25,0,0,0,0,0,0,NIFTYBANK
2023-01-16,INDEX,42622.5,42715.65,42066.55,42167.55,42167.55,42167.55,0,0,0,0,0,0,NIFTYBANK
2023-01-17,INDEX,42241.2,42383.8,41861.1,42235.05,42235.05,42235.05,0,0,0,0,0,0,NIFTYBANK
2023-01-18,INDEX,42271.8,42555.9,42119.65,42458.0,42458.0,42458.0,0,0,0,0,0,0,NIFTYBANK
2023-01-19,INDEX,42416.3,42506.25,42234.9,42328.85,42328.85,42328.85,0,0,0,0,0,0,NIFTYBANK
2023-01-20,INDEX,42516.05,42709.2,42366.15,42506.8,42506.8,42506.8,0,0,0,0,0,0,NIFTYBANK
2023-01-23,INDEX,42891.45,43005.85,42727.7,42821.25,42821.25,42821.25,0,0,0,0,0,0,NIFTYBANK
2023-01-24,INDEX,42994.45,43078.9,42615.65,42733.45,42733.45,42733.45,0,0,0,0,0,0,NIFTYBANK
2023-01-25,INDEX,42703.6,42733.05,41540.3,41647.65,41647.65,41647.65,0,0,0,0,0,0,NIFTYBANK
2023-01-27,INDEX,41382.35,41417.9,40148.8,40345.3,40345.3,40345.3,0,0,0,0,0,0,NIFTYBANK
2023-01-30,INDEX,39856.15,40789.55,39419.8,40387.45,40387.45,40387.45,0,0,0,0,0,0,NIFTYBANK
2023-01-31,INDEX,40563.85,40811.65,40167.7,40655.05,40655.05,40655.05,0,0,0,0,0,0,NIFTYBANK
2023-02-01,INDEX,41115.0,42015.65,39490.5,40513.0,40513.0,40513.0,0,0,0,0,0,0,NIFTYBANK
2023-02-02,INDEX,39943.35,40757.6,39761.45,40669.3,40669.3,40669.3,0,0,0,0,0,0,NIFTYBANK
2023-02-03,INDEX,41019.35,41539.95,40609.75,41499.7,41499.7,41499.7,0,0,0,0,0,0,NIFTYBANK
2023-02-06,INDEX,41530.15,41724.5,41261.2,41374.65,41374.65,41374.65,0,0,0,0,0,0,NIFTYBANK
2023-02-07,INDEX,41513.1,41630.75,41095.1,41490.95,41490.95,41490.95,0,0,0,0,0,0,NIFTYBANK
2023-02-08,INDEX,41542.05,41791.95,41403.05,41537.65,41537.65,41537.65,0,0,0,0,0,0,NIFTYBANK
2023-02-09,INDEX,41634.0,41634.0,41252.95,41554.3,41554.3,41554.3,0,0,0,0,0,0,NIFTYBANK
2023-02-10,INDEX,41452.4,41678.9,41424.9,41559.4,41559.4,41559.4,0,0,0,0,0,0,NIFTYBANK
2023-02-13,INDEX,41563.5,41662.55,41157.9,41282.2,41282.2,41282.2,0,0,0,0,0,0,NIFTYBANK
2023-02-14,INDEX,41410.45,41718.0,41195.75,41648.35,41648.35,41648.35,0,0,0,0,0,0,NIFTYBANK
2023-02-15,INDEX,41674.6,41795.45,41455.6,41731.05,41731.05,41731.05,0,0,0,0,0,0,NIFTYBANK
2023-02-16,INDEX,41925.7,41979.1,41521.95,41631.35,41631.35,41631.35,0,0,0,0,0,0,NIFTYBANK
2023-02-17,INDEX,41514.0,41516.3,40882.7,41131.75,41131.75,41131.75,0,0,0,0,0,0,NIFTYBANK
2023-02-20,INDEX,41221.55,41292.6,40580.1,40701.7,40701.7,40701.7,0,0,0,0,0,0,NIFTYBANK
2023-02-21,INDEX,40784.9,40946.2,40508.25,40673.6,40673.6,40673.6,0,0,0,0,0,0,NIFTYBANK
2023-02-22,INDEX,40494.15,40529.25,39899.0,39995.9,39995.9,39995.9,0,0,0,0,0,0,NIFTYBANK
2023-02-23,INDEX,39983.7,40147.8,39600.25,40001.55,40001.55,40001.55,0,0,0,0,0,0,NIFTYBANK
2023-02-24,INDEX,40259.1,40348.1,39818.9,39909.4,39909.4,39909.4,0,0,0,0,0,0,NIFTYBANK
2023-02-27,INDEX,39820.4,40371.45,39745.4,40307.1,40307.1,40307.1,0,0,0,0,0,0,NIFTYBANK
2023-02-28,INDEX,40302.7,40391.45,40073.0,40269.05,40269.05,40269.05,0,0,0,0,0,0,NIFTYBANK
2023-03-01,INDEX,40473.85,40725.35,40341.95,40698.15,40698.15,40698.15,0,0,0,0,0,0,NIFTYBANK
2023-03-02,INDEX,40604.55,40773.25,40312.9,40389.8,40389.8,40389.8,0,0,0,0,0,0,NIFTYBANK
2023-03-03,INDEX,40671.4,41390.15,40605.35,41251.35,41251.35,41251.35,0,0,0,0,0,0,NIFTYBANK
2023-03-06,INDEX,41418.4,41671.2,41259.15,41350.4,41350.4,41350.4,0,0,0,0,0,0,NIFTYBANK
2023-03-08,INDEX,41178.35,41625.35,41100.35,41577.1,41577.1,41577.1,0,0,0,0,0,0,NIFTYBANK
2023-03-09,INDEX,41532.65,41659.0,41208.1,41256.75,41256.75,41256.75,0,0,0,0,0,0,NIFTYBANK
2023-03-10,INDEX,40805.25,40839.0,40341.7,40485.45,40485.45,40485.45,0,0,0,0,0,0,NIFTYBANK
2023-03-13,INDEX,40356.1,40690.05,39454.6,39564.7,39564.7,39564.7,0,0,0,0,0,0,NIFTYBANK
2023-03-14,INDEX,39522.4,39768.5,39132.6,39411.4,39411.4,39411.4,0,0,0,0,0,0,NIFTYBANK
2023-03-15,INDEX,39777.9,39914.1,38934.65,39051.5,39051.5,39051.5,0,0,0,0,0,0,NIFTYBANK
2023-03-16,INDEX,39061.7,39381.4,38613.15,39132.6,39132.6,39132.6,0,0,0,0,0,0,NIFTYBANK
2023-03-17,INDEX,39442.4,39705.15,38926.8,39598.1,39598.1,39598.1,0,0,0,0,0,0,NIFTYBANK
2023-03-20,INDEX,39512.1,39512.1,38941.9,39361.95,39361.95,39361.95,0,0,0,0,0,0,NIFTYBANK
2023-03-21,INDEX,39599.65,39970.9,39366.3,39894.7,39894.7,39894.7,0,0,0,0,0,0,NIFTYBANK
2023-03-22,INDEX,40036.0,40085.6,39837.8,39999.05,39999.05,39999.05,0,0,0,0,0,0,NIFTYBANK
2023-03-23,INDEX,39836.15,40201.6,39552.5,39616.9,39616.9,39616.9,0,0,0,0,0,0,NIFTYBANK
2023-03-24,INDEX,39555.25,39767.9,39294.9,39395.35,39395.35,39395.35,0,0,0,0,0,0,NIFTYBANK
2023-03-27,INDEX,39484.7,39695.2,39273.75,39431.3,39431.3,39431.3,0,0,0,0,0,0,NIFTYBANK
2023-03-28,INDEX,39545.05,39645.2,39326.1,39567.9,39567.9,39567.9,0,0,0,0,0,0,NIFTYBANK
2023-03-29,INDEX,39611.55,40055.0,39609.55,39910.15,39910.15,39910.15,0,0,0,0,0,0,NIFTYBANK
2023-03-31,INDEX,40231.25,40690.4,40180.2,40608.65,40608.65,40608.65,0,0,0,0,0,0,NIFTYBANK
2023-04-03,INDEX,40695.8,40857.6,40535.9,40813.05,40813.05,40813.05,0,0,0,0,0,0,NIFTYBANK
2023-04-05,INDEX,40972.3,41071.15,40802.65,40999.15,40999.15,40999.15,0,0,0,0,0,0,NIFTYBANK
2023-04-06,INDEX,40940.7,41274.7,40820.55,41041.0,41041.0,41041.0,0,0,0,0,0,0,NIFTYBANK
2023-04-10,INDEX,41116.15,41139.85,40727.25,40834.65,40834.65,40834.65,0,0,0,0,0,0,NIFTYBANK
2023-04-11,INDEX,41232.0,41403.25,40990.2,41366.5,41366.5,41366.5,0,0,0,0,0,0,NIFTYBANK
2023-04-12,INDEX,41426.0,41610.15,41332.0,41557.95,41557.95,41557.95,0,0,0,0,0,0,NIFTYBANK
2023-04-13,INDEX,41680.1,42196.2,41502.65,42132.55,42132.55,42132.55,0,0,0,0,0,0,NIFTYBANK
2023-04-17,INDEX,42603.55,42603.55,41799.0,42262.55,42262.55,42262.55,0,0,0,0,0,0,NIFTYBANK
2023-04-18,INDEX,42406.95,42500.7,42114.35,42265.2,42265.2,42265.2,0,0,0,0,0,0,NIFTYBANK
2023-04-19,INDEX,42280.1,42339.9,42022.15,42154.0,42154.0,42154.0,0,0,0,0,0,0,NIFTYBANK
2023-04-20,INDEX,42218.5,42378.15,42108.85,42269.5,42269.5,42269.5,0,0,0,0,0,0,NIFTYBANK
2023-04-21,INDEX,42252.55,42382.15,41962.35,42118.0,42118.0,42118.0,0,0,0,0,0,0,NIFTYBANK
2023-04-24,INDEX,42469.95,42714.15,42269.1,42635.75,42635.75,42635.75,0,0,0,0,0,0,NIFTYBANK
2023-04-25,INDEX,42731.6,42865.55,42601.5,42678.5,42678.5,42678.5,0,0,0,0,0,0,NIFTYBANK
2023-04-26,INDEX,42559.05,42875.6,42432.25,42829.9,42829.9,42829.9,0,0,0,0,0,0,NIFTYBANK
2023-04-27,INDEX,42753.9,43043.4,42736.6,43000.85,43000.85,43000.85,0,0,0,0,0,0,NIFTYBANK
2023-04-28,INDEX,43045.5,43302.05,42810.35,43233.9,43233.9,43233.9,0,0,0,0,0,0,NIFTYBANK
2023-05-02,INDEX,43395.05,43483.85,43269.4,43352.1,43352.1,43352.1,0,0,0,0,0,0,NIFTYBANK
2023-05-03,INDEX,43154.85,43354.95,43078.15,43312.7,43312.7,43312.7,0,0,0,0,0,0,NIFTYBANK
2023-05-04,INDEX,43236.1,43739.8,43213.95,43685.45,43685.45,43685.45,0,0,0,0,0,0,NIFTYBANK
2023-05-05,INDEX,43110.65,43588.0,42582.2,42661.2,42661.2,42661.2,0,0,0,0,0,0,NIFTYBANK
2023-05-08,INDEX,42796.85,43418.55,42780.3,43284.0,43284.0,43284.0,0,0,0,0,0,0,NIFTYBANK
2023-05-09,INDEX,43438.55,43533.25,43125.85,43198.15,43198.15,43198.15,0,0,0,0,0,0,NIFTYBANK
2023-05-10,INDEX,43275.25,43383.65,42822.15,43331.05,43331.05,43331.05,0,0,0,0,0,0,NIFTYBANK
2023-05-11,INDEX,43535.1,43774.25,43367.25,43475.3,43475.3,43475.3,0,0,0,0,0,0,NIFTYBANK
2023-05-12,INDEX,43447.15,43905.95,43347.75,43793.55,43793.55,43793.55,0,0,0,0,0,0,NIFTYBANK
2023-05-15,INDEX,43821.05,44151.7,43666.6,44072.1,44072.1,44072.1,0,0,0,0,0,0,NIFTYBANK
2023-05-16,INDEX,44144.15,44144.15,43815.7,43903.7,43903.7,43903.7,0,0,0,0,0,0,NIFTYBANK
2023-05-17,INDEX,43948.5,43992.75,43446.4,43698.7,43698.7,43698.7,0,0,0,0,0,0,NIFTYBANK
2023-05-18,INDEX,44006.9,44079.2,43673.7,43752.3,43752.3,43752.3,0,0,0,0,0,0,NIFTYBANK
2023-05-19,INDEX,43930.0,44020.9,43531.9,43969.4,43969.4,43969.4,0,0,0,0,0,0,NIFTYBANK
2023-05-22,INDEX,43935.3,44026.75,43684.9,43885.1,43885.1,43885.1,0,0,0,0,0,0,NIFTYBANK
2023-05-23,INDEX,43978.9,44095.25,43852.2,43954.45,43954.45,43954.45,0,0,0,0,0,0,NIFTYBANK
2023-05-24,INDEX,43751.95,44010.45,43639.8,43677.85,43677.85,43677.85,0,0,0,0,0,0,NIFTYBANK
2023-05-25,INDEX,43630.25,43719.85,43390.3,43681.4,43681.4,43681.4,0,0,0,0,0,0,NIFTYBANK
2023-05-26,INDEX,43765.35,44067.6,43588.8,44018.0,44018.0,44018.0,0,0,0,0,0,0,NIFTYBANK
2023-05-29,INDEX,44276.8,44483.35,44193.95,44311.9,44311.9,44311.9,0,0,0,0,0,0,NIFTYBANK
2023-05-30,INDEX,44277.35,44498.6,44207.5,44436.35,44436.35,44436.35,0,0,0,0,0,0,NIFTYBANK
2023-05-31,INDEX,44318.0,44339.05,43822.7,44128.15,44128.15,44128.15,0,0,0,0,0,0,NIFTYBANK
2023-06-01,INDEX,44172.05,44179.95,43706.15,43790.2,43790.2,43790.2,0,0,0,0,0,0,NIFTYBANK
2023-06-02,INDEX,43997.3,44088.9,43812.55,43937.85,43937.85,43937.85,0,0,0,0,0,0,NIFTYBANK
2023-06-05,INDEX,44103.25,44266.15,44074.2,44101.65,44101.65,44101.65,0,0,0,0,0,0,NIFTYBANK
2023-06-06,INDEX,44156.7,44236.2,44009.7,44164.55,44164.55,44164.55,0,0,0,0,0,0,NIFTYBANK
2023-06-07,INDEX,44318.7,44346.3,44143.5,44275.3,44275.3,44275.3,0,0,0,0,0,0,NIFTYBANK
2023-06-08,INDEX,44208.3,44459.25,43917.9,43995.25,43995.25,43995.25,0,0,0,0,0,0,NIFTYBANK
2023-06-09,INDEX,44045.75,44220.1,43932.6,43989.0,43989.0,43989.0,0,0,0,0,0,0,NIFTYBANK
2023-06-12,INDEX,44035.2,44124.95,43874.05,43944.2,43944.2,43944.2,0,0,0,0,0,0,NIFTYBANK
2023-06-13,INDEX,43889.7,44138.15,43889.7,44079.85,44079.85,44079.85,0,0,0,0,0,0,NIFTYBANK
2023-06-14,INDEX,44181.65,44212.35,43956.15,43988.0,43988.0,43988.0,0,0,0,0,0,0,NIFTYBANK
2023-06-15,INDEX,44054.35,44077.45,43397.5,43443.6,43443.6,43443.6,0,0,0,0,0,0,NIFTYBANK
2023-06-16,INDEX,43583.35,44083.25,43536.95,43938.15,43938.15,43938.15,0,0,0,0,0,0,NIFTYBANK
2023-06-19,INDEX,44015.3,44040.35,43501.4,43633.75,43633.75,43633.75,0,0,0,0,0,0,NIFTYBANK
2023-06-20,INDEX,43597.55,43823.95,43345.95,43766.5,43766.5,43766.5,0,0,0,0,0,0,NIFTYBANK
2023-06-21,INDEX,43894.4,43946.7,43698.95,43859.2,43859.2,43859.2,0,0,0,0,0,0,NIFTYBANK
2023-06-22,INDEX,43874.8,44042.15,43663.35,43724.85,43724.85,43724.85,0,0,0,0,0,0,NIFTYBANK
2023-06-23,INDEX,43641.6,43824.1,43519.55,43622.9,43622.9,43622.9,0,0,0,0,0,0,NIFTYBANK
2023-06-26,INDEX,43714.75,43773.1,43541.75,43641.05,43641.05,43641.05,0,0,0,0,0,0,NIFTYBANK
2023-06-27,INDEX,43804.55,44194.65,43693.15,44121.5,44121.5,44121.5,0,0,0,0,0,0,NIFTYBANK
2023-06-28,INDEX,44419.5,44508.4,44163.2,44327.8,44327.8,44327.8,0,0,0,0,0,0,NIFTYBANK
2023-06-30,INDEX,44666.0,44787.1,44447.2,44747.35,44747.35,44747.35,0,0,0,0,0,0,NIFTYBANK
2023-07-03,INDEX,44957.95,45353.2,44882.1,45158.1,45158.1,45158.1,0,0,0,0,0,0,NIFTYBANK
2023-07-04,INDEX,45310.55,45655.5,45000.25,45301.45,45301.45,45301.45,0,0,0,0,0,0,NIFTYBANK
2023-07-05,INDEX,45169.7,45418.9,45073.4,45151.8,45151.8,45151.8,0,0,0,0,0,0,NIFTYBANK
2023-07-06,INDEX,45060.55,45417.5,45042.6,45339.9,45339.9,45339.9,0,0,0,0,0,0,NIFTYBANK
2023-07-07,INDEX,45118.05,45227.25,44844.8,44925.0,44925.0,44925.0,0,0,0,0,0,0,NIFTYBANK
2023-07-10,INDEX,44958.65,45184.3,44721.9,44860.85,44860.85,44860.85,0,0,0,0,0,0,NIFTYBANK
2023-07-11,INDEX,44998.0,45139.55,44663.05,44745.05,44745.05,44745.05,0,0,0,0,0,0,NIFTYBANK
2023-07-12,INDEX,44872.6,44937.25,44562.4,44639.45,44639.45,44639.45,0,0,0,0,0,0,NIFTYBANK
2023-07-13,INDEX,45009.3,45085.15,44612.2,44665.05,44665.05,44665.05,0,0,0,0,0,0,NIFTYBANK
2023-07-14,INDEX,44860.65,44923.85,44547.8,44819.3,44819.3,44819.3,0,0,0,0,0,0,NIFTYBANK
2023-07-17,INDEX,44951.2,45556.45,44695.05,45449.75,45449.75,45449.75,0,0,0,0,0,0,NIFTYBANK
2023-07-18,INDEX,45754.8,45905.85,45281.3,45410.85,45410.85,45410.85,0,0,0,0,0,0,NIFTYBANK
2023-07-19,INDEX,45622.5,45707.4,45433.0,45669.3,45669.3,45669.3,0,0,0,0,0,0,NIFTYBANK
2023-07-20,INDEX,45689.05,46256.2,45640.95,46186.9,46186.9,46186.9,0,0,0,0,0,0,NIFTYBANK
2023-07-21,INDEX,46063.95,46369.5,45925.9,46075.2,46075.2,46075.2,0,0,0,0,0,0,NIFTYBANK
2023-07-24,INDEX,46131.9,46191.5,45858.75,45923.05,45923.05,45923.05,0,0,0,0,0,0,NIFTYBANK
2023-07-25,INDEX,46154.7,46156.1,45622.85,45845.0,45845.0,45845.0,0,0,0,0,0,0,NIFTYBANK
2023-07-26,INDEX,45935.15,46096.6,45804.7,46062.35,46062.35,46062.35,0,0,0,0,0,0,NIFTYBANK
2023-07-27,INDEX,46285.85,46310.1,45570.65,45679.3,45679.3,45679.3,0,0,0,0,0,0,NIFTYBANK
2023-07-28,INDEX,45560.9,45727.75,45238.8,45468.1,45468.1,45468.1,0,0,0,0,0,0,NIFTYBANK
2023-07-31,INDEX,45546.35,45694.9,45359.75,45651.1,45651.1,45651.1,0,0,0,0,0,0,NIFTYBANK
2023-08-01,INDEX,45740.0,45782.75,45471.05,45592.5,45592.5,45592.5,0,0,0,0,0,0,NIFTYBANK
2023-08-02,INDEX,45234.65,45404.9,44720.9,44995.7,44995.7,44995.7,0,0,0,0,0,0,NIFTYBANK
2023-08-03,INDEX,44862.85,45038.45,44279.4,44513.45,44513.45,44513.45,0,0,0,0,0,0,NIFTYBANK
2023-08-04,INDEX,44754.75,45118.05,44520.55,44879.5,44879.5,44879.5,0,0,0,0,0,0,NIFTYBANK
2023-08-07,INDEX,44993.7,45011.35,44773.85,44837.5,44837.5,44837.5,0,0,0,0,0,0,NIFTYBANK
2023-08-08,INDEX,44888.95,45096.85,44817.85,44964.45,44964.45,44964.45,0,0,0,0,0,0,NIFTYBANK
2023-08-09,INDEX,44973.45,44975.0,44533.75,44880.7,44880.7,44880.7,0,0,0,0,0,0,NIFTYBANK
2023-08-10,INDEX,44797.65,44980.35,44418.4,44541.8,44541.8,44541.8,0,0,0,0,0,0,NIFTYBANK
2023-08-11,INDEX,44568.15,44571.25,44120.9,44199.1,44199.1,44199.1,0,0,0,0,0,0,NIFTYBANK
2023-08-14,INDEX,44066.6,44212.75,43776.9,44090.95,44090.95,44090.95,0,0,0,0,0,0,NIFTYBANK
2023-08-16,INDEX,43726.25,44002.8,43600.35,43946.4,43946.4,43946.4,0,0,0,0,0,0,NIFTYBANK
2023-08-17,INDEX,43897.25,44071.85,43745.1,43891.35,43891.35,43891.35,0,0,0,0,0,0,NIFTYBANK
2023-08-18,INDEX,43724.75,43957.65,43672.45,43851.05,43851.05,43851.05,0,0,0,0,0,0,NIFTYBANK
2023-08-21,INDEX,43952.85,44113.8,43862.0,44002.0,44002.0,44002.0,0,0,0,0,0,0,NIFTYBANK
2023-08-22,INDEX,44125.0,44151.3,43938.7,43993.25,43993.25,43993.25,0,0,0,0,0,0,NIFTYBANK
2023-08-23,INDEX,44064.5,44521.65,43952.05,44479.05,44479.05,44479.05,0,0,0,0,0,0,NIFTYBANK
2023-08-24,INDEX,44704.2,44949.9,44433.75,44496.2,44496.2,44496.2,0,0,0,0,0,0,NIFTYBANK
2023-08-25,INDEX,44276.2,44359.1,43983.75,44231.45,44231.45,44231.45,0,0,0,0,0,0,NIFTYBANK
2023-08-28,INDEX,44253.65,44610.4,44201.45,44494.65,44494.65,44494.65,0,0,0,0,0,0,NIFTYBANK
2023-08-29,INDEX,44655.75,44673.0,44429.8,44495.25,44495.25,44495.25,0,0,0,0,0,0,NIFTYBANK
2023-08-30,INDEX,44706.55,44779.65,44149.8,44232.6,44232.6,44232.6,0,0,0,0,0,0,NIFTYBANK
2023-08-31,INDEX,44265.85,44399.65,43895.05,43989.15,43989.15,43989.15,0,0,0,0,0,0,NIFTYBANK
2023-09-01,INDEX,43996.1,44568.55,43830.75,44436.1,44436.1,44436.1,0,0,0,0,0,0,NIFTYBANK
2023-09-04,INDEX,44647.65,44656.05,44310.95,44578.3,44578.3,44578.3,0,0,0,0,0,0,NIFTYBANK
2023-09-05,INDEX,44625.05,44668.7,44401.7,44532.15,44532.15,44532.15,0,0,0,0,0,0,NIFTYBANK
2023-09-06,INDEX,44494.65,44577.0,44207.25,44409.1,44409.1,44409.1,0,0,0,0,0,0,NIFTYBANK
2023-09-07,INDEX,44418.05,44915.55,44341.2,44878.35,44878.35,44878.35,0,0,0,0,0,0,NIFTYBANK
2023-09-08,INDEX,44953.65,45383.35,44812.15,45156.4,45156.4,45156.4,0,0,0,0,0,0,NIFTYBANK
2023-09-11,INDEX,45340.8,45636.2,45231.3,45570.7,45570.7,45570.7,0,0,0,0,0,0,NIFTYBANK
2023-09-12,INDEX,45893.8,45893.8,45322.55,45511.35,45511.35,45511.35,0,0,0,0,0,0,NIFTYBANK
2023-09-13,INDEX,45449.35,45990.5,45299.4,45909.45,45909.45,45909.45,0,0,0,0,0,0,NIFTYBANK
2023-09-14,INDEX,46013.3,46153.9,45801.5,46000.85,46000.85,46000.85,0,0,0,0,0,0,NIFTYBANK
2023-09-15,INDEX,46122.15,46310.4,46028.75,46231.5,46231.5,46231.5,0,0,0,0,0,0,NIFTYBANK
2023-09-18,INDEX,46100.95,46252.95,45906.9,45979.85,45979.85,45979.85,0,0,0,0,0,0,NIFTYBANK
2023-09-20,INDEX,45493.7,45745.15,45276.4,45384.6,45384.6,45384.6,0,0,0,0,0,0,NIFTYBANK
2023-09-21,INDEX,45179.6,45276.8,44592.45,44623.85,44623.85,44623.85,0,0,0,0,0,0,NIFTYBANK
2023-09-22,INDEX,44707.35,44996.75,44548.9,44612.05,44612.05,44612.05,0,0,0,0,0,0,NIFTYBANK
2023-09-25,INDEX,44615.0,44936.55,44400.9,44766.1,44766.1,44766.1,0,0,0,0,0,0,NIFTYBANK
2023-09-26,INDEX,44722.5,44773.8,44532.45,44624.2,44624.2,44624.2,0,0,0,0,0,0,NIFTYBANK
2023-09-27,INDEX,44465.9,44668.0,44182.5,44588.3,44588.3,44588.3,0,0,0,0,0,0,NIFTYBANK
2023-09-28,INDEX,44700.35,44756.8,44248.2,44300.95,44300.95,44300.95,0,0,0,0,0,0,NIFTYBANK
2023-09-29,INDEX,44445.35,44755.05,44344.9,44584.55,44584.55,44584.55,0,0,0,0,0,0,NIFTYBANK
2023-10-03,INDEX,44561.5,44566.3,44243.1,44399.05,44399.05,44399.05,0,0,0,0,0,0,NIFTYBANK
2023-10-04,INDEX,44108.15,44161.35,43857.5,43964.05,43964.05,43964.05,0,0,0,0,0,0,NIFTYBANK
2023-10-05,INDEX,44181.35,44391.85,44108.3,44213.35,44213.35,44213.35,0,0,0,0,0,0,NIFTYBANK
2023-10-06,INDEX,44395.4,44500.7,44242.95,44360.6,44360.6,44360.6,0,0,0,0,0,0,NIFTYBANK
2023-10-09,INDEX,44057.8,44113.2,43796.75,43886.5,43886.5,43886.5,0,0,0,0,0,0,NIFTYBANK
2023-10-10,INDEX,44027.55,44487.25,44004.55,44360.15,44360.15,44360.15,0,0,0,0,0,0,NIFTYBANK
2023-10-11,INDEX,44554.9,44710.55,44411.4,44516.9,44516.9,44516.9,0,0,0,0,0,0,NIFTYBANK
2023-10-12,INDEX,44571.55,44693.05,44530.05,44599.2,44599.2,44599.2,0,0,0,0,0,0,NIFTYBANK
2023-10-13,INDEX,44322.05,44563.05,44203.7,44287.95,44287.95,44287.95,0,0,0,0,0,0,NIFTYBANK
2023-10-16,INDEX,44204.75,44356.95,44044.4,44225.9,44225.9,44225.9,0,0,0,0,0,0,NIFTYBANK
2023-10-17,INDEX,44589.8,44589.85,44336.95,44409.5,44409.5,44409.5,0,0,0,0,0,0,NIFTYBANK
2023-10-18,INDEX,44404.2,44412.5,43861.45,43888.7,43888.7,43888.7,0,0,0,0,0,0,NIFTYBANK
2023-10-19,INDEX,43616.75,44058.8,43558.1,43754.5,43754.5,43754.5,0,0,0,0,0,0,NIFTYBANK
2023-10-20,INDEX,43584.25,43877.5,43567.45,43723.05,43723.05,43723.05,0,0,0,0,0,0,NIFTYBANK
2023-10-23,INDEX,43822.7,43831.3,43029.45,43151.2,43151.2,43151.2,0,0,0,0,0,0,NIFTYBANK
2023-10-25,INDEX,43308.3,43397.45,42758.4,42832.0,42832.0,42832.0,0,0,0,0,0,0,NIFTYBANK
2023-10-26,INDEX,42708.4,42716.2,42105.4,42280.15,42280.15,42280.15,0,0,0,0,0,0,NIFTYBANK
2023-10-27,INDEX,42555.6,42840.15,42482.75,42782.0,42782.0,42782.0,0,0,0,0,0,0,NIFTYBANK
2023-10-30,INDEX,42721.4,43112.5,42390.5,43039.15,43039.15,43039.15,0,0,0,0,0,0,NIFTYBANK
2023-10-31,INDEX,43356.85,43356.85,42797.15,42845.95,42845.95,42845.95,0,0,0,0,0,0,NIFTYBANK
2023-11-01,INDEX,42694.25,42815.15,42589.65,42700.95,42700.95,42700.95,0,0,0,0,0,0,NIFTYBANK
2023-11-02,INDEX,43018.7,43271.5,42796.45,43017.2,43017.2,43017.2,0,0,0,0,0,0,NIFTYBANK
2023-11-03,INDEX,43318.3,43416.1,43221.0,43318.25,43318.25,43318.25,0,0,0,0,0,0,NIFTYBANK
2023-11-06,INDEX,43627.75,43648.7,43415.2,43619.4,43619.4,43619.4,0,0,0,0,0,0,NIFTYBANK
2023-11-07,INDEX,43598.85,43799.35,43283.85,43737.9,43737.9,43737.9,0,0,0,0,0,0,NIFTYBANK
2023-11-08,INDEX,43791.8,43797.55,43547.75,43658.65,43658.65,43658.65,0,0,0,0,0,0,NIFTYBANK
2023-11-09,INDEX,43626.1,43876.75,43542.65,43683.6,43683.6,43683.6,0,0,0,0,0,0,NIFTYBANK
2023-11-10,INDEX,43543.25,43908.7,43504.95,43820.1,43820.1,43820.1,0,0,0,0,0,0,NIFTYBANK
2023-11-12,INDEX,44054.5,44056.0,43916.6,43996.65,43996.65,43996.65,0,0,0,0,0,0,NIFTYBANK
2023-11-13,INDEX,43915.1,43970.75,43681.4,43891.25,43891.25,43891.25,0,0,0,0,0,0,NIFTYBANK
2023-11-15,INDEX,44398.45,44408.55,44164.55,44201.7,44201.7,44201.7,0,0,0,0,0,0,NIFTYBANK
2023-11-16,INDEX,44251.7,44420.95,44064.15,44161.55,44161.55,44161.55,0,0,0,0,0,0,NIFTYBANK
2023-11-17,INDEX,43656.25,43872.85,43513.85,43583.95,43583.95,43583.95,0,0,0,0,0,0,NIFTYBANK
2023-11-20,INDEX,43591.5,43724.0,43450.05,43584.95,43584.95,43584.95,0,0,0,0,0,0,NIFTYBANK
2023-11-21,INDEX,43790.95,43790.95,43586.45,43689.15,43689.15,43689.15,0,0,0,0,0,0,NIFTYBANK
2023-11-22,INDEX,43663.6,43692.5,43230.95,43449.6,43449.6,43449.6,0,0,0,0,0,0,NIFTYBANK
2023-11-23,INDEX,43452.75,43649.65,43451.35,43577.5,43577.5,43577.5,0,0,0,0,0,0,NIFTYBANK
2023-11-24,INDEX,43607.35,43806.5,43566.15,43769.1,43769.1,43769.1,0,0,0,0,0,0,NIFTYBANK
2023-11-28,INDEX,43851.55,43960.3,43739.8,43880.95,43880.95,43880.95,0,0,0,0,0,0,NIFTYBANK
2023-11-29,INDEX,44081.75,44630.35,44003.45,44566.45,44566.45,44566.45,0,0,0,0,0,0,NIFTYBANK
2023-11-30,INDEX,44711.2,44764.8,44254.6,44481.75,44481.75,44481.75,0,0,0,0,0,0,NIFTYBANK
2023-12-01,INDEX,44580.15,44951.1,44531.75,44814.2,44814.2,44814.2,0,0,0,0,0,0,NIFTYBANK
2023-12-04,INDEX,45671.5,46484.45,45484.2,46431.4,46431.4,46431.4,0,0,0,0,0,0,NIFTYBANK
2023-12-05,INDEX,46895.9,47230.55,46653.65,47012.25,47012.25,47012.25,0,0,0,0,0,0,NIFTYBANK
2023-12-06,INDEX,47256.75,47259.85,46750.2,46834.55,46834.55,46834.55,0,0,0,0,0,0,NIFTYBANK
2023-12-07,INDEX,46735.4,46927.7,46507.15,46841.4,46841.4,46841.4,0,0,0,0,0,0,NIFTYBANK
2023-12-08,INDEX,46797.2,47303.65,46793.9,47262.0,47262.0,47262.0,0,0,0,0,0,0,NIFTYBANK
2023-12-11,INDEX,47233.3,47588.0,47186.6,47314.25,47314.25,47314.25,0,0,0,0,0,0,NIFTYBANK
2023-12-12,INDEX,47421.7,47454.0,47004.05,47097.55,47097.55,47097.55,0,0,0,0,0,0,NIFTYBANK
2023-12-13,INDEX,47190.75,47201.95,46886.9,47092.25,47092.25,47092.25,0,0,0,0,0,0,NIFTYBANK
2023-12-14,INDEX,47567.65,47943.6,47510.85,47732.3,47732.3,47732.3,0,0,0,0,0,0,NIFTYBANK
2023-12-15,INDEX,47939.9,48219.95,47632.85,48143.55,48143.55,48143.55,0,0,0,0,0,0,NIFTYBANK
2023-12-18,INDEX,48068.5,48076.6,47806.7,47867.7,47867.7,47867.7,0,0,0,0,0,0,NIFTYBANK
2023-12-19,INDEX,47940.4,48017.0,47646.05,47870.9,47870.9,47870.9,0,0,0,0,0,0,NIFTYBANK
2023-12-20,INDEX,48085.35,48166.15,47202.65,47445.3,47445.3,47445.3,0,0,0,0,0,0,NIFTYBANK
2023-12-21,INDEX,47172.45,47932.4,46919.7,47840.15,47840.15,47840.15,0,0,0,0,0,0,NIFTYBANK
2023-12-22,INDEX,47837.75,48071.4,47415.85,47491.85,47491.85,47491.85,0,0,0,0,0,0,NIFTYBANK
2023-12-26,INDEX,47576.4,47838.45,47411.65,47724.85,47724.85,47724.85,0,0,0,0,0,0,NIFTYBANK
2023-12-27,INDEX,47818.5,48347.65,47806.7,48282.2,48282.2,48282.2,0,0,0,0,0,0,NIFTYBANK
2023-12-28,INDEX,48479.05,48636.45,48343.15,48508.55,48508.55,48508.55,0,0,0,0,0,0,NIFTYBANK
2023-12-29,INDEX,48374.85,48477.7,48091.85,48292.25,48292.25,48292.25,0,0,0,0,0,0,NIFTYBANK
2024-01-01,INDEX,48203.45,48450.0,48044.15,48234.3,48234.3,48234.3,0,0,0,0,0,0,NIFTYBANK
2024-01-02,INDEX,48194.8,48223.55,47689.8,47761.65,47761.65,47761.65,0,0,0,0,0,0,NIFTYBANK
2024-01-03,INDEX,47796.3,47798.75,47481.35,47704.95,47704.95,47704.95,0,0,0,0,0,0,NIFTYBANK
2024-01-04,INDEX,47805.4,48281.2,47738.15,48195.85,48195.85,48195.85,0,0,0,0,0,0,NIFTYBANK
2024-01-05,INDEX,48245.55,48381.95,47822.85,48159.0,48159.0,48159.0,0,0,0,0,0,0,NIFTYBANK
2024-01-08,INDEX,48096.65,48154.5,47387.35,47450.25,47450.25,47450.25,0,0,0,0,0,0,NIFTYBANK
2024-01-09,INDEX,47705.4,47939.3,47156.05,47242.65,47242.65,47242.65,0,0,0,0,0,0,NIFTYBANK
2024-01-10,INDEX,47073.85,47423.45,47010.8,47360.85,47360.85,47360.85,0,0,0,0,0,0,NIFTYBANK
2024-01-11,INDEX,47538.6,47662.1,47237.0,47438.35,47438.35,47438.35,0,0,0,0,0,0,NIFTYBANK
2024-01-12,INDEX,47572.7,47873.7,47408.5,47709.8,47709.8,47709.8,0,0,0,0,0,0,NIFTYBANK
2024-01-15,INDEX,47891.05,48248.05,47825.4,48158.3,48158.3,48158.3,0,0,0,0,0,0,NIFTYBANK
2024-01-16,INDEX,48109.95,48305.4,48002.85,48125.1,48125.1,48125.1,0,0,0,0,0,0,NIFTYBANK
2024-01-17,INDEX,46573.95,47212.75,45979.6,46064.45,46064.45,46064.45,0,0,0,0,0,0,NIFTYBANK
2024-01-18,INDEX,45492.75,46184.05,45430.7,45713.55,45713.55,45713.55,0,0,0,0,0,0,NIFTYBANK
2024-01-19,INDEX,46103.5,46249.85,45558.05,45701.15,45701.15,45701.15,0,0,0,0,0,0,NIFTYBANK
2024-01-20,INDEX,45989.25,46183.7,45640.9,46058.2,46058.2,46058.2,0,0,0,0,0,0,NIFTYBANK
2024-01-23,INDEX,46495.45,46580.3,44886.1,45015.05,45015.05,45015.05,0,0,0,0,0,0,NIFTYBANK
2024-01-24,INDEX,44489.4,45485.5,44489.4,45082.4,45082.4,45082.4,0,0,0,0,0,0,NIFTYBANK
2024-01-25,INDEX,45057.95,45139.05,44429.0,44866.15,44866.15,44866.15,0,0,0,0,0,0,NIFTYBANK
2024-01-29,INDEX,45171.5,45660.35,45110.9,45442.35,45442.35,45442.35,0,0,0,0,0,0,NIFTYBANK
2024-01-30,INDEX,45481.5,45678.7,45206.05,45367.75,45367.75,45367.75,0,0,0,0,0,0,NIFTYBANK
2024-01-31,INDEX,45295.65,46179.75,45071.2,45996.8,45996.8,45996.8,0,0,0,0,0,0,NIFTYBANK
2024-02-01,INDEX,46164.9,46306.9,45668.35,46188.65,46188.65,46188.65,0,0,0,0,0,0,NIFTYBANK
2024-02-02,INDEX,46568.2,46892.35,45901.25,45970.95,45970.95,45970.95,0,0,0,0,0,0,NIFTYBANK
2024-02-05,INDEX,45962.25,46048.6,45615.1,45825.55,45825.55,45825.55,0,0,0,0,0,0,NIFTYBANK
2024-02-06,INDEX,45891.2,45932.15,45527.0,45690.8,45690.8,45690.8,0,0,0,0,0,0,NIFTYBANK
2024-02-07,INDEX,45944.6,46062.85,45620.5,45818.5,45818.5,45818.5,0,0,0,0,0,0,NIFTYBANK
2024-02-08,INDEX,45973.85,46181.2,44893.75,45012.0,45012.0,45012.0,0,0,0,0,0,0,NIFTYBANK
2024-02-09,INDEX,44986.75,45718.15,44859.15,45634.55,45634.55,45634.55,0,0,0,0,0,0,NIFTYBANK
2024-02-12,INDEX,45664.3,45748.5,44633.85,44882.25,44882.25,44882.25,0,0,0,0,0,0,NIFTYBANK
2024-02-13,INDEX,45056.8,45750.4,44819.55,45502.4,45502.4,45502.4,0,0,0,0,0,0,NIFTYBANK
2024-02-14,INDEX,45014.65,46170.45,44860.75,45908.3,45908.3,45908.3,0,0,0,0,0,0,NIFTYBANK
2024-02-15,INDEX,46027.1,46297.7,45590.2,46218.9,46218.9,46218.9,0,0,0,0,0,0,NIFTYBANK
2024-02-16,INDEX,46454.3,46693.4,46264.4,46384.85,46384.85,46384.85,0,0,0,0,0,0,NIFTYBANK
2024-02-19,INDEX,46554.9,46717.4,46317.7,46535.5,46535.5,46535.5,0,0,0,0,0,0,NIFTYBANK
2024-02-20,INDEX,46444.9,47136.75,46367.8,47094.2,47094.2,47094.2,0,0,0,0,0,0,NIFTYBANK
2024-02-21,INDEX,47363.4,47363.4,46886.95,47019.7,47019.7,47019.7,0,0,0,0,0,0,NIFTYBANK
2024-02-22,INDEX,46934.55,47024.05,46426.85,46919.8,46919.8,46919.8,0,0,0,0,0,0,NIFTYBANK
2024-02-23,INDEX,47060.7,47245.35,46723.15,46811.75,46811.75,46811.75,0,0,0,0,0,0,NIFTYBANK
2024-02-26,INDEX,46615.85,46893.15,46513.55,46576.5,46576.5,46576.5,0,0,0,0,0,0,NIFTYBANK
2024-02-27,INDEX,46480.2,46722.25,46324.9,46588.05,46588.05,46588.05,0,0,0,0,0,0,NIFTYBANK
2024-02-28,INDEX,46640.9,46754.55,45852.55,45963.15,45963.15,45963.15,0,0,0,0,0,0,NIFTYBANK
2024-02-29,INDEX,45881.45,46329.65,45661.75,46120.9,46120.9,46120.9,0,0,0,0,0,0,NIFTYBANK
2024-03-01,INDEX,46218.0,47342.25,46218.0,47286.9,47286.9,47286.9,0,0,0,0,0,0,NIFTYBANK
2024-03-02,INDEX,47377.45,47433.85,47237.0,47297.5,47297.5,47297.5,0,0,0,0,0,0,NIFTYBANK
2024-03-04,INDEX,47318.5,47529.6,47191.65,47456.1,47456.1,47456.1,0,0,0,0,0,0,NIFTYBANK
2024-03-05,INDEX,47265.7,47737.85,47196.75,47581.0,47581.0,47581.0,0,0,0,0,0,0,NIFTYBANK
2024-03-06,INDEX,47451.65,48161.25,47442.25,47965.4,47965.4,47965.4,0,0,0,0,0,0,NIFTYBANK
2024-03-07,INDEX,48035.8,48071.7,47747.2,47835.8,47835.8,47835.8,0,0,0,0,0,0,NIFTYBANK
2024-03-11,INDEX,47792.2,47853.8,47230.65,47327.85,47327.85,47327.85,0,0,0,0,0,0,NIFTYBANK
2024-03-12,INDEX,47351.35,47812.75,46884.45,47282.4,47282.4,47282.4,0,0,0,0,0,0,NIFTYBANK
2024-03-13,INDEX,47341.15,47468.7,46842.15,46981.3,46981.3,46981.3,0,0,0,0,0,0,NIFTYBANK
2024-03-14,INDEX,46825.75,47231.5,46565.55,46789.95,46789.95,46789.95,0,0,0,0,0,0,NIFTYBANK
2024-03-15,INDEX,46572.1,46802.55,46310.5,46594.1,46594.1,46594.1,0,0,0,0,0,0,NIFTYBANK
2024-03-18,INDEX,46458.75,46739.25,46022.15,46575.9,46575.9,46575.9,0,0,0,0,0,0,NIFTYBANK
2024-03-19,INDEX,46421.9,46602.35,46258.75,46384.8,46384.8,46384.8,0,0,0,0,0,0,NIFTYBANK
2024-03-20,INDEX,46392.9,46655.55,45828.8,46310.9,46310.9,46310.9,0,0,0,0,0,0,NIFTYBANK
2024-03-21,INDEX,46674.85,46990.25,46570.15,46684.9,46684.9,46684.9,0,0,0,0,0,0,NIFTYBANK
2024-03-22,INDEX,46634.9,46974.15,46566.8,46863.75,46863.75,46863.75,0,0,0,0,0,0,NIFTYBANK
2024-03-26,INDEX,46552.95,46788.35,46529.05,46600.2,46600.2,46600.2,0,0,0,0,0,0,NIFTYBANK
2024-03-27,INDEX,46643.45,46956.1,46643.45,46785.95,46785.95,46785.95,0,0,0,0,0,0,NIFTYBANK
2024-03-28,INDEX,46827.85,47440.45,46827.85,47124.6,47124.6,47124.6,0,0,0,0,0,0,NIFTYBANK
2024-04-01,INDEX,47391.05,47646.8,47373.1,47578.25,47578.25,47578.25,0,0,0,0,0,0,NIFTYBANK
2024-04-02,INDEX,47490.75,47707.35,47408.55,47545.45,47545.45,47545.45,0,0,0,0,0,0,NIFTYBANK
2024-04-03,INDEX,47350.25,47676.95,47279.8,47624.25,47624.25,47624.25,0,0,0,0,0,0,NIFTYBANK
2024-04-04,INDEX,48086.2,48254.65,47712.7,48060.8,48060.8,48060.8,0,0,0,0,0,0,NIFTYBANK
2024-04-05,INDEX,48104.65,48557.4,47894.5,48493.05,48493.05,48493.05,0,0,0,0,0,0,NIFTYBANK
2024-04-08,INDEX,48586.75,48716.95,48424.65,48581.7,48581.7,48581.7,0,0,0,0,0,0,NIFTYBANK
2024-04-09,INDEX,48810.8,48960.75,48568.25,48730.55,48730.55,48730.55,0,0,0,0,0,0,NIFTYBANK
2024-04-10,INDEX,48879.55,49057.4,48669.25,48986.6,48986.6,48986.6,0,0,0,0,0,0,NIFTYBANK
2024-04-12,INDEX,48671.2,48882.65,48477.55,48564.55,48564.55,48564.55,0,0,0,0,0,0,NIFTYBANK
2024-04-15,INDEX,48057.5,48255.5,47725.8,47773.25,47773.25,47773.25,0,0,0,0,0,0,NIFTYBANK
2024-04-16,INDEX,47436.7,47609.0,47316.55,47484.8,47484.8,47484.8,0,0,0,0,0,0,NIFTYBANK
2024-04-18,INDEX,47592.7,47829.75,46982.15,47069.45,47069.45,47069.45,0,0,0,0,0,0,NIFTYBANK
2024-04-19,INDEX,46744.95,47668.7,46579.05,47574.15,47574.15,47574.15,0,0,0,0,0,0,NIFTYBANK
2024-04-22,INDEX,48145.7,48146.3,47628.45,47924.9,47924.9,47924.9,0,0,0,0,0,0,NIFTYBANK
2024-04-23,INDEX,48299.6,48302.7,47899.3,47970.45,47970.45,47970.45,0,0,0,0,0,0,NIFTYBANK
2024-04-24,INDEX,48120.9,48246.2,48028.7,48189.0,48189.0,48189.0,0,0,0,0,0,0,NIFTYBANK
2024-04-25,INDEX,47772.65,48625.45,47737.2,48494.95,48494.95,48494.95,0,0,0,0,0,0,NIFTYBANK
2024-04-26,INDEX,48660.0,48679.65,48088.25,48201.05,48201.05,48201.05,0,0,0,0,0,0,NIFTYBANK
2024-04-29,INDEX,48359.9,49473.6,48342.7,49424.05,49424.05,49424.05,0,0,0,0,0,0,NIFTYBANK
2024-04-30,INDEX,49477.1,49974.75,49249.9,49396.75,49396.75,49396.75,0,0,0,0,0,0,NIFTYBANK
2024-05-02,INDEX,49262.0,49529.35,49123.6,49231.05,49231.05,49231.05,0,0,0,0,0,0,NIFTYBANK
2024-05-03,INDEX,49375.05,49607.75,48659.7,48923.55,48923.55,48923.55,0,0,0,0,0,0,NIFTYBANK
2024-05-06,INDEX,49174.55,49252.65,48784.0,48895.3,48895.3,48895.3,0,0,0,0,0,0,NIFTYBANK
2024-05-07,INDEX,48965.05,49023.5,48213.75,48285.35,48285.35,48285.35,0,0,0,0,0,0,NIFTYBANK
2024-05-08,INDEX,48124.2,48223.05,47851.15,48021.1,48021.1,48021.1,0,0,0,0,0,0,NIFTYBANK
2024-05-09,INDEX,47976.35,48258.65,47440.65,47487.9,47487.9,47487.9,0,0,0,0,0,0,NIFTYBANK
2024-05-10,INDEX,47555.5,47868.7,47313.35,47421.1,47421.1,47421.1,0,0,0,0,0,0,NIFTYBANK
2024-05-13,INDEX,47389.8,47841.6,46983.25,47754.1,47754.1,47754.1,0,0,0,0,0,0,NIFTYBANK
2024-05-14,INDEX,47748.85,47937.25,47607.85,47859.45,47859.45,47859.45,0,0,0,0,0,0,NIFTYBANK
2024-05-15,INDEX,47923.1,47957.2,47534.5,47687.45,47687.45,47687.45,0,0,0,0,0,0,NIFTYBANK
2024-05-16,INDEX,47945.85,48052.9,47340.35,47977.05,47977.05,47977.05,0,0,0,0,0,0,NIFTYBANK
2024-05-17,INDEX,47842.95,48188.65,47758.8,48115.65,48115.65,48115.65,0,0,0,0,0,0,NIFTYBANK
2024-05-18,INDEX,48197.3,48222.35,48108.15,48199.5,48199.5,48199.5,0,0,0,0,0,0,NIFTYBANK
2024-05-21,INDEX,47927.1,48259.75,47927.1,48048.2,48048.2,48048.2,0,0,0,0,0,0,NIFTYBANK
2024-05-22,INDEX,48113.9,48114.05,47435.25,47781.95,47781.95,47781.95,0,0,0,0,0,0,NIFTYBANK
2024-05-23,INDEX,47899.35,48829.7,47873.15,48768.6,48768.6,48768.6,0,0,0,0,0,0,NIFTYBANK
2024-05-24,INDEX,48668.0,49052.95,48644.8,48971.65,48971.65,48971.65,0,0,0,0,0,0,NIFTYBANK
2024-05-27,INDEX,49105.9,49688.85,49051.25,49281.8,49281.8,49281.8,0,0,0,0,0,0,NIFTYBANK
2024-05-28,INDEX,49390.9,49511.15,49043.65,49142.15,49142.15,49142.15,0,0,0,0,0,0,NIFTYBANK
2024-05-29,INDEX,48786.7,49022.6,48401.55,48501.35,48501.35,48501.35,0,0,0,0,0,0,NIFTYBANK
2024-05-30,INDEX,48313.6,49044.6,48313.6,48682.35,48682.35,48682.35,0,0,0,0,0,0,NIFTYBANK
2024-05-31,INDEX,48895.15,49122.55,48569.05,48983.95,48983.95,48983.95,0,0,0,0,0,0,NIFTYBANK
2024-06-03,INDEX,50889.85,51133.2,50092.65,50979.95,50979.95,50979.95,0,0,0,0,0,0,NIFTYBANK
2024-06-04,INDEX,50667.05,50667.05,46077.85,46928.6,46928.6,46928.6,0,0,0,0,0,0,NIFTYBANK
2024-06-05,INDEX,47486.6,49362.9,46446.8,49054.6,49054.6,49054.6,0,0,0,0,0,0,NIFTYBANK
2024-06-06,INDEX,49426.4,49672.75,48906.75,49291.9,49291.9,49291.9,0,0,0,0,0,0,NIFTYBANK
2024-06-07,INDEX,49316.95,49943.2,49080.45,49803.2,49803.2,49803.2,0,0,0,0,0,0,NIFTYBANK
2024-06-10,INDEX,49808.15,50252.95,49622.75,49780.9,49780.9,49780.9,0,0,0,0,0,0,NIFTYBANK
2024-06-11,INDEX,49751.2,49970.3,49530.45,49705.75,49705.75,49705.75,0,0,0,0,0,0,NIFTYBANK
2024-06-12,INDEX,49857.45,50233.4,49697.35,49895.1,49895.1,49895.1,0,0,0,0,0,0,NIFTYBANK
2024-06-13,INDEX,50179.0,50186.45,49799.65,49846.7,49846.7,49846.7,0,0,0,0,0,0,NIFTYBANK
2024-06-14,INDEX,49993.95,50102.6,49693.35,50002.0,50002.0,50002.0,0,0,0,0,0,0,NIFTYBANK
2024-06-18,INDEX,50194.35,50562.15,49900.2,50440.9,50440.9,50440.9,0,0,0,0,0,0,NIFTYBANK
2024-06-19,INDEX,50607.9,51957.0,50441.75,51398.05,51398.05,51398.05,0,0,0,0,0,0,NIFTYBANK
2024-06-20,INDEX,51712.9,51842.2,51281.5,51783.25,51783.25,51783.25,0,0,0,0,0,0,NIFTYBANK
2024-06-21,INDEX,51927.3,51934.35,51224.95,51661.45,51661.45,51661.45,0,0,0,0,0,0,NIFTYBANK
2024-06-24,INDEX,51280.25,51783.95,51138.9,51703.95,51703.95,51703.95,0,0,0,0,0,0,NIFTYBANK
2024-06-25,INDEX,51759.45,52746.5,51747.65,52606.0,52606.0,52606.0,0,0,0,0,0,0,NIFTYBANK
2024-06-26,INDEX,52653.2,52988.3,52373.7,52870.5,52870.5,52870.5,0,0,0,0,0,0,NIFTYBANK
2024-06-27,INDEX,52980.3,53180.75,52639.0,52811.3,52811.3,52811.3,0,0,0,0,0,0,NIFTYBANK
2024-06-28,INDEX,52874.95,53030.3,52242.3,52342.25,52342.25,52342.25,0,0,0,0,0,0,NIFTYBANK
2024-07-01,INDEX,52351.15,52656.15,52166.05,52574.75,52574.75,52574.75,0,0,0,0,0,0,NIFTYBANK
2024-07-02,INDEX,52793.75,52828.45,51996.65,52168.1,52168.1,52168.1,0,0,0,0,0,0,NIFTYBANK
2024-07-03,INDEX,52872.3,53256.7,52482.65,53089.25,53089.25,53089.25,0,0,0,0,0,0,NIFTYBANK
2024-07-04,INDEX,53357.7,53357.7,52815.9,53103.7,53103.7,53103.7,0,0,0,0,0,0,NIFTYBANK
2024-07-05,INDEX,52560.1,52817.85,52290.05,52660.35,52660.35,52660.35,0,0,0,0,0,0,NIFTYBANK
2024-07-08,INDEX,52533.1,52710.8,52246.7,52425.8,52425.8,52425.8,0,0,0,0,0,0,NIFTYBANK
2024-07-09,INDEX,52390.5,52626.6,52292.95,52568.8,52568.8,52568.8,0,0,0,0,0,0,NIFTYBANK
2024-07-10,INDEX,52528.8,52528.8,52075.4,52189.3,52189.3,52189.3,0,0,0,0,0,0,NIFTYBANK
2024-07-11,INDEX,52316.9,52400.3,51749.45,52270.65,52270.65,52270.65,0,0,0,0,0,0,NIFTYBANK
2024-07-12,INDEX,52272.65,52794.55,52171.15,52278.9,52278.9,52278.9,0,0,0,0,0,0,NIFTYBANK
2024-07-15,INDEX,52330.05,52662.25,52154.0,52455.9,52455.9,52455.9,0,0,0,0,0,0,NIFTYBANK
2024-07-16,INDEX,52466.7,52619.05,52331.6,52396.8,52396.8,52396.8,0,0,0,0,0,0,NIFTYBANK
2024-07-18,INDEX,52215.05,52782.75,52168.65,52620.7,52620.7,52620.7,0,0,0,0,0,0,NIFTYBANK
2024-07-19,INDEX,52531.55,52586.75,52146.3,52265.6,52265.6,52265.6,0,0,0,0,0,0,NIFTYBANK
2024-07-22,INDEX,52145.6,52427.0,51874.55,52280.4,52280.4,52280.4,0,0,0,0,0,0,NIFTYBANK
2024-07-23,INDEX,52511.0,52547.55,51342.65,51778.3,51778.3,51778.3,0,0,0,0,0,0,NIFTYBANK
2024-07-24,INDEX,51657.65,51944.65,50784.25,51317.0,51317.0,51317.0,0,0,0,0,0,0,NIFTYBANK
2024-07-25,INDEX,50762.3,51006.1,50559.9,50888.75,50888.75,50888.75,0,0,0,0,0,0,NIFTYBANK
2024-07-26,INDEX,50456.1,51398.6,50438.3,51295.95,51295.95,51295.95,0,0,0,0,0,0,NIFTYBANK
2024-07-29,INDEX,51546.65,52340.25,51186.95,51406.25,51406.25,51406.25,0,0,0,0,0,0,NIFTYBANK
2024-07-30,INDEX,51383.9,51957.75,51260.05,51499.3,51499.3,51499.3,0,0,0,0,0,0,NIFTYBANK
2024-07-31,INDEX,51583.45,51663.1,51335.7,51553.4,51553.4,51553.4,0,0,0,0,0,0,NIFTYBANK
2024-08-01,INDEX,51672.6,51877.15,51456.2,51564.0,51564.0,51564.0,0,0,0,0,0,0,NIFTYBANK
2024-08-02,INDEX,51172.25,51608.7,51087.85,51350.15,51350.15,51350.15,0,0,0,0,0,0,NIFTYBANK
2024-08-05,INDEX,50586.25,50747.55,49719.1,50092.1,50092.1,50092.1,0,0,0,0,0,0,NIFTYBANK
2024-08-06,INDEX,50436.9,50688.8,49659.05,49748.3,49748.3,49748.3,0,0,0,0,0,0,NIFTYBANK
2024-08-07,INDEX,50286.2,50292.45,49782.2,50119.0,50119.0,50119.0,0,0,0,0,0,0,NIFTYBANK
2024-08-08,INDEX,50051.9,50440.75,49829.6,50156.7,50156.7,50156.7,0,0,0,0,0,0,NIFTYBANK
2024-08-09,INDEX,50612.1,50707.75,50386.45,50484.5,50484.5,50484.5,0,0,0,0,0,0,NIFTYBANK
2024-08-12,INDEX,50412.6,50830.7,50149.25,50577.95,50577.95,50577.95,0,0,0,0,0,0,NIFTYBANK
2024-08-13,INDEX,50395.35,50559.25,49785.1,49831.85,49831.85,49831.85,0,0,0,0,0,0,NIFTYBANK
2024-08-14,INDEX,49887.15,49959.25,49654.65,49727.3,49727.3,49727.3,0,0,0,0,0,0,NIFTYBANK
2024-08-16,INDEX,50133.0,50603.4,49806.05,50516.9,50516.9,50516.9,0,0,0,0,0,0,NIFTYBANK
2024-08-19,INDEX,50683.55,50728.25,50283.55,50368.35,50368.35,50368.35,0,0,0,0,0,0,NIFTYBANK
2024-08-20,INDEX,50417.25,51025.6,50398.6,50803.15,50803.15,50803.15,0,0,0,0,0,0,NIFTYBANK
2024-08-21,INDEX,50666.65,50772.45,50333.35,50685.55,50685.55,50685.55,0,0,0,0,0,0,NIFTYBANK
2024-08-22,INDEX,50894.8,51080.0,50794.45,50985.7,50985.7,50985.7,0,0,0,0,0,0,NIFTYBANK
2024-08-23,INDEX,51040.05,51117.85,50856.7,50933.45,50933.45,50933.45,0,0,0,0,0,0,NIFTYBANK
2024-08-26,INDEX,51100.65,51317.85,51061.55,51148.1,51148.1,51148.1,0,0,0,0,0,0,NIFTYBANK
2024-08-27,INDEX,51214.05,51404.7,50938.1,51278.75,51278.75,51278.75,0,0,0,0,0,0,NIFTYBANK
2024-08-28,INDEX,51208.95,51260.75,51033.7,51143.85,51143.85,51143.85,0,0,0,0,0,0,NIFTYBANK
2024-08-29,INDEX,51103.75,51368.95,50984.4,51152.75,51152.75,51152.75,0,0,0,0,0,0,NIFTYBANK
2024-08-30,INDEX,51437.45,51466.55,51256.0,51351.0,51351.0,51351.0,0,0,0,0,0,0,NIFTYBANK
2024-09-02,INDEX,51579.5,51579.5,51295.8,51439.55,51439.55,51439.55,0,0,0,0,0,0,NIFTYBANK
2024-09-03,INDEX,51479.75,51750.1,51240.05,51689.1,51689.1,51689.1,0,0,0,0,0,0,NIFTYBANK
2024-09-04,INDEX,51364.65,51503.55,51259.9,51400.25,51400.25,51400.25,0,0,0,0,0,0,NIFTYBANK
2024-09-05,INDEX,51544.25,51636.75,51389.15,51473.05,51473.05,51473.05,0,0,0,0,0,0,NIFTYBANK
2024-09-06,INDEX,51200.4,51380.05,50447.3,50576.85,50576.85,50576.85,0,0,0,0,0,0,NIFTYBANK
2024-09-09,INDEX,50549.25,51192.75,50369.4,51117.8,51117.8,51117.8,0,0,0,0,0,0,NIFTYBANK
2024-09-10,INDEX,51328.3,51366.0,50958.25,51272.3,51272.3,51272.3,0,0,0,0,0,0,NIFTYBANK
2024-09-11,INDEX,51218.55,51420.15,50947.7,51010.0,51010.0,51010.0,0,0,0,0,0,0,NIFTYBANK
2024-09-12,INDEX,51271.0,51878.1,51025.0,51772.4,51772.4,51772.4,0,0,0,0,0,0,NIFTYBANK
2024-09-13,INDEX,51952.55,51994.1,51643.95,51938.05,51938.05,51938.05,0,0,0,0,0,0,NIFTYBANK
2024-09-16,INDEX,52038.7,52208.7,51921.45,52153.15,52153.15,52153.15,0,0,0,0,0,0,NIFTYBANK
2024-09-17,INDEX,52249.05,52284.6,52085.5,52188.65,52188.65,52188.65,0,0,0,0,0,0,NIFTYBANK
2024-09-18,INDEX,52177.1,52954.2,52154.55,52750.4,52750.4,52750.4,0,0,0,0,0,0,NIFTYBANK
2024-09-19,INDEX,52929.25,53353.3,52847.9,53037.6,53037.6,53037.6,0,0,0,0,0,0,NIFTYBANK
2024-09-20,INDEX,53235.8,54066.1,53037.6,53793.2,53793.2,53793.2,0,0,0,0,0,0,NIFTYBANK
2024-09-23,INDEX,53917.9,54197.95,53741.4,54105.8,54105.8,54105.8,0,0,0,0,0,0,NIFTYBANK
2024-09-24,INDEX,54110.65,54247.7,53904.65,53968.6,53968.6,53968.6,0,0,0,0,0,0,NIFTYBANK
2024-09-25,INDEX,53794.0,54141.3,53792.85,54101.65,54101.65,54101.65,0,0,0,0,0,0,NIFTYBANK
2024-09-26,INDEX,54045.85,54467.35,54010.9,54375.35,54375.35,54375.35,0,0,0,0,0,0,NIFTYBANK
2024-09-27,INDEX,54338.7,54338.7,53763.2,53834.3,53834.3,53834.3,0,0,0,0,0,0,NIFTYBANK
2024-09-30,INDEX,53556.95,53726.4,52926.55,52978.1,52978.1,52978.1,0,0,0,0,0,0,NIFTYBANK
2024-10-01,INDEX,52844.0,53235.25,52817.8,52922.6,52922.6,52922.6,0,0,0,0,0,0,NIFTYBANK
2024-10-03,INDEX,52314.45,52582.95,51683.4,51845.2,51845.2,51845.2,0,0,0,0,0,0,NIFTYBANK
2024-10-04,INDEX,51643.75,52358.35,51347.25,51462.05,51462.05,51462.05,0,0,0,0,0,0,NIFTYBANK
2024-10-07,INDEX,51543.2,51784.8,50194.3,50478.9,50478.9,50478.9,0,0,0,0,0,0,NIFTYBANK
2024-10-08,INDEX,50736.1,51176.05,50466.0,51021.0,51021.0,51021.0,0,0,0,0,0,0,NIFTYBANK
2024-10-09,INDEX,51161.75,51707.15,50903.75,51007.0,51007.0,51007.0,0,0,0,0,0,0,NIFTYBANK
2024-10-10,INDEX,51195.7,51659.45,51047.0,51530.9,51530.9,51530.9,0,0,0,0,0,0,NIFTYBANK
2024-10-11,INDEX,51491.9,51560.0,51005.85,51172.3,51172.3,51172.3,0,0,0,0,0,0,NIFTYBANK
2024-10-14,INDEX,51263.25,51893.0,51220.85,51816.9,51816.9,51816.9,0,0,0,0,0,0,NIFTYBANK
2024-10-15,INDEX,51975.95,52022.05,51698.75,51906.0,51906.0,51906.0,0,0,0,0,0,0,NIFTYBANK
2024-10-16,INDEX,51711.2,52031.6,51711.2,51801.05,51801.05,51801.05,0,0,0,0,0,0,NIFTYBANK
2024-10-17,INDEX,51849.3,51930.2,51150.25,51288.8,51288.8,51288.8,0,0,0,0,0,0,NIFTYBANK
2024-10-18,INDEX,51261.0,52199.45,51000.9,52094.2,52094.2,52094.2,0,0,0,0,0,0,NIFTYBANK
2024-10-21,INDEX,52361.1,52577.5,51855.15,51962.7,51962.7,51962.7,0,0,0,0,0,0,NIFTYBANK
2024-10-22,INDEX,52071.35,52257.3,51179.6,51257.15,51257.15,51257.15,0,0,0,0,0,0,NIFTYBANK
2024-10-23,INDEX,51117.8,51551.55,51107.9,51239.0,51239.0,51239.0,0,0,0,0,0,0,NIFTYBANK
2024-10-24,INDEX,51272.3,51781.55,51201.85,51531.15,51531.15,51531.15,0,0,0,0,0,0,NIFTYBANK
2024-10-25,INDEX,51369.75,51501.05,50382.1,50787.45,50787.45,50787.45,0,0,0,0,0,0,NIFTYBANK
2024-10-28,INDEX,51061.35,51589.15,51012.55,51259.3,51259.3,51259.3,0,0,0,0,0,0,NIFTYBANK
2024-10-29,INDEX,51404.1,52354.85,51278.9,52320.7,52320.7,52320.7,0,0,0,0,0,0,NIFTYBANK
2024-10-30,INDEX,51988.7,52220.0,51733.0,51807.5,51807.5,51807.5,0,0,0,0,0,0,NIFTYBANK
2024-10-31,INDEX,51649.45,52005.6,51318.1,51475.35,51475.35,51475.35,0,0,0,0,0,0,NIFTYBANK
2024-11-01,INDEX,51550.15,51825.5,51459.4,51673.9,51673.9,51673.9,0,0,0,0,0,0,NIFTYBANK
2024-11-04,INDEX,51764.5,51764.5,51066.8,51215.25,51215.25,51215.25,0,0,0,0,0,0,NIFTYBANK
2024-11-05,INDEX,51052.6,52289.55,50865.45,52207.25,52207.25,52207.25,0,0,0,0,0,0,NIFTYBANK
2024-11-06,INDEX,52440.4,52493.95,52185.4,52317.4,52317.4,52317.4,0,0,0,0,0,0,NIFTYBANK
2024-11-07,INDEX,52258.95,52377.25,51752.25,51916.5,51916.5,51916.5,0,0,0,0,0,0,NIFTYBANK
2024-11-08,INDEX,51869.15,52007.15,51494.0,51561.2,51561.2,51561.2,0,0,0,0,0,0,NIFTYBANK
2024-11-11,INDEX,51562.7,52177.7,51294.2,51876.75,51876.75,51876.75,0,0,0,0,0,0,NIFTYBANK
2024-11-12,INDEX,52053.75,52169.05,51006.85,51157.8,51157.8,51157.8,0,0,0,0,0,0,NIFTYBANK
2024-11-13,INDEX,51030.95,51353.5,49904.4,50088.35,50088.35,50088.35,0,0,0,0,0,0,NIFTYBANK
2024-11-14,INDEX,50053.45,50561.8,49939.35,50179.55,50179.55,50179.55,0,0,0,0,0,0,NIFTYBANK
2024-11-18,INDEX,50312.45,50445.8,50074.0,50363.8,50363.8,50363.8,0,0,0,0,0,0,NIFTYBANK
2024-11-19,INDEX,50580.55,50983.5,50440.85,50626.5,50626.5,50626.5,0,0,0,0,0,0,NIFTYBANK
2024-11-21,INDEX,50625.0,50652.15,49787.1,50372.9,50372.9,50372.9,0,0,0,0,0,0,NIFTYBANK
2024-11-22,INDEX,50512.8,51271.5,50508.25,51135.4,51135.4,51135.4,0,0,0,0,0,0,NIFTYBANK
2024-11-25,INDEX,52046.35,52331.1,51774.05,52207.5,52207.5,52207.5,0,0,0,0,0,0,NIFTYBANK
2024-11-26,INDEX,52554.9,52555.5,51999.75,52191.5,52191.5,52191.5,0,0,0,0,0,0,NIFTYBANK
2024-11-27,INDEX,52154.3,52444.35,52019.65,52301.8,52301.8,52301.8,0,0,0,0,0,0,NIFTYBANK
2024-11-28,INDEX,52389.95,52760.2,51782.9,51906.85,51906.85,51906.85,0,0,0,0,0,0,NIFTYBANK
2024-11-29,INDEX,51984.15,52170.9,51759.45,52055.6,52055.6,52055.6,0,0,0,0,0,0,NIFTYBANK
2024-12-02,INDEX,52087.65,52197.25,51693.95,52109.0,52109.0,52109.0,0,0,0,0,0,0,NIFTYBANK
2024-12-03,INDEX,52357.95,52780.9,52216.85,52695.75,52695.75,52695.75,0,0,0,0,0,0,NIFTYBANK
2024-12-04,INDEX,52775.0,53387.1,52685.15,53266.9,53266.9,53266.9,0,0,0,0,0,0,NIFTYBANK
2024-12-05,INDEX,53354.45,53888.3,52850.35,53603.55,53603.55,53603.55,0,0,0,0,0,0,NIFTYBANK
2024-12-06,INDEX,53634.2,53868.5,53160.65,53509.5,53509.5,53509.5,0,0,0,0,0,0,NIFTYBANK
2024-12-09,INDEX,53380.75,53775.1,53326.4,53407.75,53407.75,53407.75,0,0,0,0,0,0,NIFTYBANK
2024-12-10,INDEX,53450.05,53624.05,53302.65,53577.7,53577.7,53577.7,0,0,0,0,0,0,NIFTYBANK
2024-12-11,INDEX,53459.3,53648.05,53302.15,53391.35,53391.35,53391.35,0,0,0,0,0,0,NIFTYBANK
2024-12-12,INDEX,53201.0,53537.45,53174.4,53216.45,53216.45,53216.45,0,0,0,0,0,0,NIFTYBANK
2024-12-13,INDEX,53109.8,53654.0,52264.55,53583.8,53583.8,53583.8,0,0,0,0,0,0,NIFTYBANK
2024-12-16,INDEX,53502.5,53738.9,53335.0,53581.35,53581.35,53581.35,0,0,0,0,0,0,NIFTYBANK
2024-12-17,INDEX,53394.1,53515.7,52709.4,52834.8,52834.8,52834.8,0,0,0,0,0,0,NIFTYBANK
2024-12-18,INDEX,52696.95,52827.6,52010.65,52139.55,52139.55,52139.55,0,0,0,0,0,0,NIFTYBANK
2024-12-19,INDEX,51428.45,51789.85,51263.75,51575.7,51575.7,51575.7,0,0,0,0,0,0,NIFTYBANK
2024-12-20,INDEX,51401.35,51629.0,50609.35,50759.2,50759.2,50759.2,0,0,0,0,0,0,NIFTYBANK
2024-12-23,INDEX,51044.4,51417.35,51030.4,51317.6,51317.6,51317.6,0,0,0,0,0,0,NIFTYBANK
2024-12-24,INDEX,51314.95,51382.1,51137.5,51233.0,51233.0,51233.0,0,0,0,0,0,0,NIFTYBANK
2024-12-26,INDEX,51395.8,51740.0,50951.8,51170.7,51170.7,51170.7,0,0,0,0,0,0,NIFTYBANK
2024-12-27,INDEX,51268.2,51628.45,51240.1,51311.3,51311.3,51311.3,0,0,0,0,0,0,NIFTYBANK
2024-12-30,INDEX,51255.35,51979.75,50718.35,50952.75,50952.75,50952.75,0,0,0,0,0,0,NIFTYBANK
2024-12-31,INDEX,50648.2,50945.55,50599.8,50860.2,50860.2,50860.2,0,0,0,0,0,0,NIFTYBANK
2025-01-01,INDEX,50841.9,51321.95,50485.05,51060.6,51060.6,51060.6,0,0,0,0,0,0,NIFTYBANK
2025-01-02,INDEX,51084.95,51672.75,50992.8,51605.55,51605.55,51605.55,0,0,0,0,0,0,NIFTYBANK
2025-01-03,INDEX,51567.15,51671.6,50904.35,50988.8,50988.8,50988.8,0,0,0,0,0,0,NIFTYBANK
2025-01-06,INDEX,50990.65,51026.1,49751.0,49922.0,49922.0,49922.0,0,0,0,0,0,0,NIFTYBANK
2025-01-07,INDEX,50061.2,50447.6,49969.3,50202.15,50202.15,50202.15,0,0,0,0,0,0,NIFTYBANK
2025-01-08,INDEX,50201.75,50246.9,49389.75,49835.05,49835.05,49835.05,0,0,0,0,0,0,NIFTYBANK
2025-01-09,INDEX,49712.55,49798.1,49230.15,49503.5,49503.5,49503.5,0,0,0,0,0,0,NIFTYBANK
2025-01-10,INDEX,49426.5,49483.15,48631.2,48734.15,48734.15,48734.15,0,0,0,0,0,0,NIFTYBANK
2025-01-13,INDEX,48264.25,48606.35,47898.35,48041.25,48041.25,48041.25,0,0,0,0,0,0,NIFTYBANK
2025-01-14,INDEX,48266.9,49007.35,48235.2,48729.15,48729.15,48729.15,0,0,0,0,0,0,NIFTYBANK
2025-01-15,INDEX,48832.75,49083.65,48522.4,48751.7,48751.7,48751.7,0,0,0,0,0,0,NIFTYBANK
2025-01-16,INDEX,49082.9,49459.0,49038.45,49278.7,49278.7,49278.7,0,0,0,0,0,0,NIFTYBANK
2025-01-17,INDEX,48959.5,49047.2,48309.5,48540.6,48540.6,48540.6,0,0,0,0,0,0,NIFTYBANK
2025-01-20,INDEX,48834.15,49650.6,48683.6,49350.8,49350.8,49350.8,0,0,0,0,0,0,NIFTYBANK
2025-01-21,INDEX,49532.0,49543.15,48430.95,48570.9,48570.9,48570.9,0,0,0,0,0,0,NIFTYBANK
2025-01-22,INDEX,48689.55,48781.75,48074.05,48724.4,48724.4,48724.4,0,0,0,0,0,0,NIFTYBANK
2025-01-23,INDEX,48770.15,48892.7,48493.0,48589.0,48589.0,48589.0,0,0,0,0,0,0,NIFTYBANK
2025-01-24,INDEX,48546.05,48858.65,48203.0,48367.8,48367.8,48367.8,0,0,0,0,0,0,NIFTYBANK
2025-01-27,INDEX,47881.65,48319.2,47844.15,48064.65,48064.65,48064.65,0,0,0,0,0,0,NIFTYBANK
2025-01-28,INDEX,48642.5,49247.15,48449.05,48866.85,48866.85,48866.85,0,0,0,0,0,0,NIFTYBANK
2025-01-29,INDEX,48997.2,49199.65,48849.8,49165.95,49165.95,49165.95,0,0,0,0,0,0,NIFTYBANK
2025-01-30,INDEX,49206.2,49426.2,49031.8,49311.95,49311.95,49311.95,0,0,0,0,0,0,NIFTYBANK
2025-01-31,INDEX,49259.65,49674.8,49031.8,49587.2,49587.2,49587.2,0,0,0,0,0,0,NIFTYBANK
2025-02-01,INDEX,49592.55,50009.5,48925.45,49506.95,49506.95,49506.95,0,0,0,0,0,0,NIFTYBANK
2025-02-03,INDEX,49074.8,49373.45,48906.05,49210.55,49210.55,49210.55,0,0,0,0,0,0,NIFTYBANK
2025-02-04,INDEX,49538.8,50206.6,49482.5,50157.95,50157.95,50157.95,0,0,0,0,0,0,NIFTYBANK
2025-02-05,INDEX,50402.3,50522.15,50215.45,50343.05,50343.05,50343.05,0,0,0,0,0,0,NIFTYBANK
2025-02-06,INDEX,50468.35,50553.35,50149.8,50382.1,50382.1,50382.1,0,0,0,0,0,0,NIFTYBANK
2025-02-07,INDEX,50484.45,50641.75,49871.15,50158.85,50158.85,50158.85,0,0,0,0,0,0,NIFTYBANK
2025-02-10,INDEX,50052.5,50155.65,49703.1,49981.0,49981.0,49981.0,0,0,0,0,0,0,NIFTYBANK
2025-02-11,INDEX,49812.15,49906.75,49177.4,49403.4,49403.4,49403.4,0,0,0,0,0,0,NIFTYBANK
2025-02-12,INDEX,49402.25,49702.35,48734.35,49479.45,49479.45,49479.45,0,0,0,0,0,0,NIFTYBANK
2025-02-13,INDEX,49469.35,49836.1,49276.1,49359.85,49359.85,49359.85,0,0,0,0,0,0,NIFTYBANK
2025-02-14,INDEX,49485.65,49592.95,48719.75,49099.45,49099.45,49099.45,0,0,0,0,0,0,NIFTYBANK
2025-02-17,INDEX,48880.4,49319.0,48525.6,49258.9,49258.9,49258.9,0,0,0,0,0,0,NIFTYBANK
2025-02-18,INDEX,49211.85,49328.55,48814.95,49087.3,49087.3,49087.3,0,0,0,0,0,0,NIFTYBANK
2025-02-19,INDEX,48895.35,49628.25,48804.0,49570.1,49570.1,49570.1,0,0,0,0,0,0,NIFTYBANK
2025-02-20,INDEX,49314.1,49455.8,49150.95,49334.55,49334.55,49334.55,0,0,0,0,0,0,NIFTYBANK
2025-02-21,INDEX,49127.95,49306.55,48764.0,48981.2,48981.2,48981.2,0,0,0,0,0,0,NIFTYBANK
2025-02-24,INDEX,48619.8,48748.4,48281.9,48651.95,48651.95,48651.95,0,0,0,0,0,0,NIFTYBANK
2025-02-25,INDEX,48691.2,48862.15,48534.15,48608.35,48608.35,48608.35,0,0,0,0,0,0,NIFTYBANK
2025-02-27,INDEX,48732.2,48972.55,48627.1,48743.8,48743.8,48743.8,0,0,0,0,0,0,NIFTYBANK
2025-02-28,INDEX,48437.55,48574.5,48078.7,48344.7,48344.7,48344.7,0,0,0,0,0,0,NIFTYBANK
2025-03-03,INDEX,48478.6,48574.7,47841.3,48114.3,48114.3,48114.3,0,0,0,0,0,0,NIFTYBANK
2025-03-04,INDEX,47942.5,48374.9,47924.75,48245.2,48245.2,48245.2,0,0,0,0,0,0,NIFTYBANK
2025-03-05,INDEX,48241.3,48657.65,48190.25,48489.95,48489.95,48489.95,0,0,0,0,0,0,NIFTYBANK
2025-03-06,INDEX,48760.0,48839.1,48299.4,48627.7,48627.7,48627.7,0,0,0,0,0,0,NIFTYBANK
2025-03-07,INDEX,48463.8,48709.05,48359.35,48497.5,48497.5,48497.5,0,0,0,0,0,0,NIFTYBANK
2025-03-10,INDEX,48312.0,48599.15,48124.65,48216.8,48216.8,48216.8,0,0,0,0,0,0,NIFTYBANK
2025-03-11,INDEX,47874.8,48029.05,47702.9,47853.95,47853.95,47853.95,0,0,0,0,0,0,NIFTYBANK
2025-03-12,INDEX,47894.4,48222.15,47844.95,48056.65,48056.65,48056.65,0,0,0,0,0,0,NIFTYBANK
2025-03-13,INDEX,48219.15,48352.45,48006.1,48060.4,48060.4,48060.4,0,0,0,0,0,0,NIFTYBANK
2025-03-17,INDEX,48219.55,48481.35,48196.1,48354.15,48354.15,48354.15,0,0,0,0,0,0,NIFTYBANK
2025-03-18,INDEX,48792.9,49400.3,48629.45,49314.5,49314.5,49314.5,0,0,0,0,0,0,NIFTYBANK
2025-03-19,INDEX,49375.4,49807.55,49324.8,49702.6,49702.6,49702.6,0,0,0,0,0,0,NIFTYBANK
2025-03-20,INDEX,49947.6,50155.3,49771.65,50062.85,50062.85,50062.85,0,0,0,0,0,0,NIFTYBANK
2025-03-21,INDEX,49927.1,50672.15,49891.95,50593.55,50593.55,50593.55,0,0,0,0,0,0,NIFTYBANK
2025-03-24,INDEX,50982.7,51801.15,50795.9,51704.95,51704.95,51704.95,0,0,0,0,0,0,NIFTYBANK
2025-03-25,INDEX,51874.2,52063.95,51429.6,51607.95,51607.95,51607.95,0,0,0,0,0,0,NIFTYBANK
2025-03-26,INDEX,51640.05,51875.8,51069.15,51209.0,51209.0,51209.0,0,0,0,0,0,0,NIFTYBANK
2025-03-27,INDEX,51084.7,51714.35,51050.85,51575.85,51575.85,51575.85,0,0,0,0,0,0,NIFTYBANK
2025-03-28,INDEX,51608.4,51839.1,51335.35,51564.85,51564.85,51564.85,0,0,0,0,0,0,NIFTYBANK
2025-04-01,INDEX,51178.15,51683.85,50742.0,50827.5,50827.5,50827.5,0,0,0,0,0,0,NIFTYBANK
2025-04-02,INDEX,50966.9,51404.2,50908.35,51348.05,51348.05,51348.05,0,0,0,0,0,0,NIFTYBANK
2025-04-03,INDEX,50910.0,51661.6,50906.65,51597.35,51597.35,51597.35,0,0,0,0,0,0,NIFTYBANK
2025-04-04,INDEX,51711.6,51893.6,51360.4,51502.7,51502.7,51502.7,0,0,0,0,0,0,NIFTYBANK
2025-04-07,INDEX,49336.1,50426.25,49156.95,49860.1,49860.1,49860.1,0,0,0,0,0,0,NIFTYBANK
2025-04-08,INDEX,50388.55,50793.7,50030.8,50511.0,50511.0,50511.0,0,0,0,0,0,0,NIFTYBANK
2025-04-09,INDEX,50487.1,50496.9,49910.85,50240.15,50240.15,50240.15,0,0,0,0,0,0,NIFTYBANK
2025-04-11,INDEX,50634.1,51244.7,50634.1,51002.35,51002.35,51002.35,0,0,0,0,0,0,NIFTYBANK
2025-04-15,INDEX,52299.0,52486.35,51863.3,52379.5,52379.5,52379.5,0,0,0,0,0,0,NIFTYBANK
2025-04-16,INDEX,52690.9,53164.45,52471.35,53117.75,53117.75,53117.75,0,0,0,0,0,0,NIFTYBANK
2025-04-17,INDEX,53153.75,54407.2,53084.9,54290.2,54290.2,54290.2,0,0,0,0,0,0,NIFTYBANK
2025-04-21,INDEX,54891.25,55461.65,54674.95,55304.5,55304.5,55304.5,0,0,0,0,0,0,NIFTYBANK
2025-04-22,INDEX,55414.3,55961.2,55243.55,55647.2,55647.2,55647.2,0,0,0,0,0,0,NIFTYBANK
2025-04-23,INDEX,56097.1,56098.7,55162.5,55370.05,55370.05,55370.05,0,0,0,0,0,0,NIFTYBANK
2025-04-24,INDEX,55103.9,55550.45,55088.4,55201.4,55201.4,55201.4,0,0,0,0,0,0,NIFTYBANK
2025-04-25,INDEX,55233.55,55350.55,54176.45,54664.05,54664.05,54664.05,0,0,0,0,0,0,NIFTYBANK
2025-04-28,INDEX,54610.3,55577.4,54582.35,55432.8,55432.8,55432.8,0,0,0,0,0,0,NIFTYBANK
2025-04-29,INDEX,55524.35,55957.75,55262.4,55391.25,55391.25,55391.25,0,0,0,0,0,0,NIFTYBANK
2025-04-30,INDEX,55382.4,55478.25,54723.7,55087.15,55087.15,55087.15,0,0,0,0,0,0,NIFTYBANK
2025-05-02,INDEX,55100.95,55691.95,54994.4,55115.35,55115.35,55115.35,0,0,0,0,0,0,NIFTYBANK
2025-05-05,INDEX,55065.8,55345.5,54786.5,54919.5,54919.5,54919.5,0,0,0,0,0,0,NIFTYBANK
2025-05-06,INDEX,54918.25,55036.95,54172.95,54271.4,54271.4,54271.4,0,0,0,0,0,0,NIFTYBANK
2025-05-07,INDEX,54013.4,54684.3,53919.9,54610.9,54610.9,54610.9,0,0,0,0,0,0,NIFTYBANK
2025-05-08,INDEX,54801.75,54937.25,54108.0,54365.65,54365.65,54365.65,0,0,0,0,0,0,NIFTYBANK
2025-05-09,INDEX,53595.95,54054.8,53483.05,53595.25,53595.25,53595.25,0,0,0,0,0,0,NIFTYBANK
2025-05-12,INDEX,54658.75,55466.3,54558.05,55382.85,55382.85,55382.85,0,0,0,0,0,0,NIFTYBANK
2025-05-13,INDEX,55233.5,55499.65,54888.5,54940.85,54940.85,54940.85,0,0,0,0,0,0,NIFTYBANK
2025-05-14,INDEX,55008.55,55208.6,54491.0,54801.3,54801.3,54801.3,0,0,0,0,0,0,NIFTYBANK
2025-05-15,INDEX,54853.7,55490.55,54442.3,55355.6,55355.6,55355.6,0,0,0,0,0,0,NIFTYBANK
2025-05-16,INDEX,55276.0,55418.9,55170.25,55354.9,55354.9,55354.9,0,0,0,0,0,0,NIFTYBANK
2025-05-19,INDEX,55326.05,55695.55,55296.55,55420.7,55420.7,55420.7,0,0,0,0,0,0,NIFTYBANK
2025-05-20,INDEX,55445.3,55568.35,54829.45,54877.35,54877.35,54877.35,0,0,0,0,0,0,NIFTYBANK
2025-05-21,INDEX,55060.2,55336.85,54690.8,55075.1,55075.1,55075.1,0,0,0,0,0,0,NIFTYBANK
2025-05-22,INDEX,54875.9,54996.1,54576.6,54941.3,54941.3,54941.3,0,0,0,0,0,0,NIFTYBANK
2025-05-23,INDEX,54959.3,55441.3,54854.5,55398.25,55398.25,55398.25,0,0,0,0,0,0,NIFTYBANK
2025-05-26,INDEX,55534.9,55875.75,55307.5,55572.0,55572.0,55572.0,0,0,0,0,0,0,NIFTYBANK
2025-05-27,INDEX,55458.95,55831.35,55037.85,55352.8,55352.8,55352.8,0,0,0,0,0,0,NIFTYBANK
2025-05-28,INDEX,55328.6,55521.8,55235.55,55417.0,55417.0,55417.0,0,0,0,0,0,0,NIFTYBANK
2025-05-29,INDEX,55571.4,55782.75,55096.45,55546.05,55546.05,55546.05,0,0,0,0,0,0,NIFTYBANK
2025-05-30,INDEX,55615.55,55813.3,55356.6,55749.7,55749.7,55749.7,0,0,0,0,0,0,NIFTYBANK
2025-06-02,INDEX,55598.25,55966.3,55400.55,55903.4,55903.4,55903.4,0,0,0,0,0,0,NIFTYBANK
2025-06-03,INDEX,56104.8,56161.4,55455.8,55599.95,55599.95,55599.95,0,0,0,0,0,0,NIFTYBANK
2025-06-04,INDEX,55650.35,55791.0,55408.35,55676.85,55676.85,55676.85,0,0,0,0,0,0,NIFTYBANK
2025-06-05,INDEX,55806.75,56010.15,55580.45,55760.85,55760.85,55760.85,0,0,0,0,0,0,NIFTYBANK
2025-06-06,INDEX,55699.45,56695.0,55534.75,56578.4,56578.4,56578.4,0,0,0,0,0,0,NIFTYBANK
2025-06-09,INDEX,57049.5,57049.5,56792.7,56839.6,56839.6,56839.6,0,0,0,0,0,0,NIFTYBANK
2025-06-10,INDEX,56993.9,57015.4,56564.15,56629.1,56629.1,56629.1,0,0,0,0,0,0,NIFTYBANK
2025-06-11,INDEX,56639.85,56782.5,56399.4,56459.75,56459.75,56459.75,0,0,0,0,0,0,NIFTYBANK
2025-06-12,INDEX,56480.9,56611.05,55968.5,56082.55,56082.55,56082.55,0,0,0,0,0,0,NIFTYBANK
2025-06-13,INDEX,55149.3,55688.0,55149.3,55527.35,55527.35,55527.35,0,0,0,0,0,0,NIFTYBANK
2025-06-16,INDEX,55554.1,55999.85,55381.45,55944.9,55944.9,55944.9,0,0,0,0,0,0,NIFTYBANK
2025-06-17,INDEX,55975.0,56067.3,55643.95,55714.15,55714.15,55714.15,0,0,0,0,0,0,NIFTYBANK
2025-06-18,INDEX,55544.95,55933.6,55511.8,55828.75,55828.75,55828.75,0,0,0,0,0,0,NIFTYBANK
2025-06-19,INDEX,55784.85,55942.45,55475.45,55577.45,55577.45,55577.45,0,0,0,0,0,0,NIFTYBANK
2025-06-20,INDEX,55566.7,56328.2,55566.4,56252.85,56252.85,56252.85,0,0,0,0,0,0,NIFTYBANK
2025-06-23,INDEX,55832.35,56233.55,55779.25,56059.35,56059.35,56059.35,0,0,0,0,0,0,NIFTYBANK
2025-06-24,INDEX,56529.45,56862.0,56276.15,56461.9,56461.9,56461.9,0,0,0,0,0,0,NIFTYBANK
2025-06-25,INDEX,56564.5,56681.4,56420.65,56621.15,56621.15,56621.15,0,0,0,0,0,0,NIFTYBANK
2025-06-26,INDEX,56693.55,57263.45,56558.35,57206.7,57206.7,57206.7,0,0,0,0,0,0,NIFTYBANK
2025-06-27,INDEX,57234.7,57475.4,56993.85,57443.9,57443.9,57443.9,0,0,0,0,0,0,NIFTYBANK
2025-06-30,INDEX,57529.95,57614.5,57193.8,57312.75,57312.75,57312.75,0,0,0,0,0,0,NIFTYBANK
2025-07-01,INDEX,57375.8,57533.85,57150.35,57459.45,57459.45,57459.45,0,0,0,0,0,0,NIFTYBANK
2025-07-02,INDEX,57558.2,57628.4,56833.8,56999.2,56999.2,56999.2,0,0,0,0,0,0,NIFTYBANK
2025-07-03,INDEX,57050.4,57193.25,56764.1,56791.95,56791.95,56791.95,0,0,0,0,0,0,NIFTYBANK
2025-07-04,INDEX,56825.25,57075.1,56623.6,57031.9,57031.9,57031.9,0,0,0,0,0,0,NIFTYBANK
2025-07-07,INDEX,56938.7,57152.2,56838.55,56949.2,56949.2,56949.2,0,0,0,0,0,0,NIFTYBANK
2025-07-08,INDEX,56942.55,57303.3,56923.05,57256.3,57256.3,57256.3,0,0,0,0,0,0,NIFTYBANK
2025-07-09,INDEX,57199.75,57290.65,57037.9,57213.55,57213.55,57213.55,0,0,0,0,0,0,NIFTYBANK
2025-07-10,INDEX,57339.75,57363.7,56886.6,56956.0,56956.0,56956.0,0,0,0,0,0,0,NIFTYBANK
2025-07-11,INDEX,56843.45,57091.05,56607.75,56754.7,56754.7,56754.7,0,0,0,0,0,0,NIFTYBANK
2025-07-14,INDEX,56780.75,56896.3,56594.25,56765.35,56765.35,56765.35,0,0,0,0,0,0,NIFTYBANK
2025-07-15,INDEX,56709.2,57134.95,56707.8,57006.65,57006.65,57006.65,0,0,0,0,0,0,NIFTYBANK
2025-07-16,INDEX,57111.25,57276.55,56937.6,57168.95,57168.95,57168.95,0,0,0,0,0,0,NIFTYBANK
2025-07-17,INDEX,57231.95,57262.85,56780.15,56828.8,56828.8,56828.8,0,0,0,0,0,0,NIFTYBANK
2025-07-18,INDEX,56524.25,56705.15,56204.85,56283.0,56283.0,56283.0,0,0,0,0,0,0,NIFTYBANK
2025-07-21,INDEX,56558.9,56983.45,56255.7,56952.75,56952.75,56952.75,0,0,0,0,0,0,NIFTYBANK
2025-07-22,INDEX,57253.35,57286.15,56692.0,56756.0,56756.0,56756.0,0,0,0,0,0,0,NIFTYBANK
2025-07-23,INDEX,56918.15,57249.0,56715.8,57210.45,57210.45,57210.45,0,0,0,0,0,0,NIFTYBANK
2025-07-24,INDEX,57316.6,57316.6,56850.9,57066.05,57066.05,57066.05,0,0,0,0,0,0,NIFTYBANK
2025-07-25,INDEX,57170.7,57170.7,56439.4,56528.9,56528.9,56528.9,0,0,0,0,0,0,NIFTYBANK
2025-07-28,INDEX,56215.1,56578.4,55997.45,56084.9,56084.9,56084.9,0,0,0,0,0,0,NIFTYBANK
2025-07-29,INDEX,55881.8,56296.4,55843.25,56222.0,56222.0,56222.0,0,0,0,0,0,0,NIFTYBANK
2025-07-30,INDEX,56310.1,56321.15,56064.55,56150.7,56150.7,56150.7,0,0,0,0,0,0,NIFTYBANK
2025-07-31,INDEX,55728.15,56406.2,55547.35,55961.95,55961.95,55961.95,0,0,0,0,0,0,NIFTYBANK
2025-08-01,INDEX,55897.15,56097.6,55562.1,55617.6,55617.6,55617.6,0,0,0,0,0,0,NIFTYBANK
2025-08-04,INDEX,55557.5,55752.45,55437.3,55619.35,55619.35,55619.35,0,0,0,0,0,0,NIFTYBANK
2025-08-05,INDEX,55545.05,55648.15,55202.85,55360.25,55360.25,55360.25,0,0,0,0,0,0,NIFTYBANK
2025-08-06,INDEX,55329.8,55559.4,55227.7,55411.15,55411.15,55411.15,0,0,0,0,0,0,NIFTYBANK
2025-08-07,INDEX,55215.65,55614.8,54973.55,55521.15,55521.15,55521.15,0,0,0,0,0,0,NIFTYBANK
2025-08-08,INDEX,55609.35,55652.6,54905.6,55004.9,55004.9,55004.9,0,0,0,0,0,0,NIFTYBANK
2025-08-11,INDEX,54999.35,55582.15,54927.55,55510.75,55510.75,55510.75,0,0,0,0,0,0,NIFTYBANK
2025-08-12,INDEX,55441.1,55566.7,55001.5,55043.7,55043.7,55043.7,0,0,0,0,0,0,NIFTYBANK
2025-08-13,INDEX,55340.05,55340.05,55026.95,55181.45,55181.45,55181.45,0,0,0,0,0,0,NIFTYBANK
2025-08-14,INDEX,55102.55,55472.8,55074.3,55341.85,55341.85,55341.85,0,0,0,0,0,0,NIFTYBANK
2025-08-18,INDEX,55940.6,56156.3,55647.65,55734.9,55734.9,55734.9,0,0,0,0,0,0,NIFTYBANK
2025-08-19,INDEX,55622.3,55965.55,55608.15,55865.15,55865.15,55865.15,0,0,0,0,0,0,NIFTYBANK
2025-08-20,INDEX,55751.5,55812.6,55577.35,55698.5,55698.5,55698.5,0,0,0,0,0,0,NIFTYBANK
2025-08-21,INDEX,55972.05,55993.65,55708.2,55755.45,55755.45,55755.45,0,0,0,0,0,0,NIFTYBANK
2025-08-22,INDEX,55669.25,55745.0,55102.6,55149.4,55149.4,55149.4,0,0,0,0,0,0,NIFTYBANK
2025-08-25,INDEX,55147.75,55306.0,55048.4,55139.3,55139.3,55139.3,0,0,0,0,0,0,NIFTYBANK
2025-08-26,INDEX,54999.05,55068.9,54396.1,54450.45,54450.45,54450.45,0,0,0,0,0,0,NIFTYBANK
2025-08-28,INDEX,54256.0,54382.25,53768.45,53820.35,53820.35,53820.35,0,0,0,0,0,0,NIFTYBANK
2025-08-29,INDEX,53660.35,54086.0,53606.45,53655.65,53655.65,53655.65,0,0,0,0,0,0,NIFTYBANK
2025-09-01,INDEX,53658.15,54035.85,53658.15,54002.45,54002.45,54002.45,0,0,0,0,0,0,NIFTYBANK
2025-09-02,INDEX,54038.25,54160.95,53578.0,53661.0,53661.0,53661.0,0,0,0,0,0,0,NIFTYBANK
2025-09-03,INDEX,53630.75,54136.15,53561.75,54067.55,54067.55,54067.55,0,0,0,0,0,0,NIFTYBANK
2025-09-04,INDEX,54379.6,54450.55,53971.85,54075.45,54075.45,54075.45,0,0,0,0,0,0,NIFTYBANK
2025-09-05,INDEX,54308.05,54308.05,53719.55,54114.55,54114.55,54114.55,0,0,0,0,0,0,NIFTYBANK
2025-09-08,INDEX,54215.4,54518.7,54067.15,54186.9,54186.9,54186.9,0,0,0,0,0,0,NIFTYBANK
2025-09-09,INDEX,54330.55,54350.65,54079.45,54216.1,54216.1,54216.1,0,0,0,0,0,0,NIFTYBANK
2025-09-10,INDEX,54554.75,54705.2,54400.0,54536.0,54536.0,54536.0,0,0,0,0,0,0,NIFTYBANK
2025-09-11,INDEX,54413.05,54757.45,54402.4,54669.6,54669.6,54669.6,0,0,0,0,0,0,NIFTYBANK
2025-09-12,INDEX,54781.55,54852.25,54580.35,54809.3,54809.3,54809.3,0,0,0,0,0,0,NIFTYBANK
2025-09-15,INDEX,54884.05,55018.7,54807.5,54887.85,54887.85,54887.85,0,0,0,0,0,0,NIFTYBANK
2025-09-16,INDEX,54778.4,55185.45,54777.75,55147.6,55147.6,55147.6,0,0,0,0,0,0,NIFTYBANK
2025-09-17,INDEX,55158.35,55540.75,55146.55,55493.3,55493.3,55493.3,0,0,0,0,0,0,NIFTYBANK
2025-09-18,INDEX,55797.1,55835.25,55490.9,55727.45,55727.45,55727.45,0,0,0,0,0,0,NIFTYBANK
2025-09-19,INDEX,55647.95,55688.75,55355.3,55458.85,55458.85,55458.85,0,0,0,0,0,0,NIFTYBANK
2025-09-22,INDEX,55429.3,55666.35,55215.6,55284.75,55284.75,55284.75,0,0,0,0,0,0,NIFTYBANK
2025-09-23,INDEX,55248.7,55662.0,55159.0,55509.75,55509.75,55509.75,0,0,0,0,0,0,NIFTYBANK
2025-09-24,INDEX,55387.1,55511.1,55040.45,55121.5,55121.5,55121.5,0,0,0,0,0,0,NIFTYBANK
2025-09-25,INDEX,55061.65,55276.65,54903.3,54976.2,54976.2,54976.2,0,0,0,0,0,0,NIFTYBANK
2025-09-26,INDEX,54797.9,54897.0,54310.95,54389.35,54389.35,54389.35,0,0,0,0,0,0,NIFTYBANK
2025-09-29,INDEX,54460.4,54686.05,54226.6,54461.0,54461.0,54461.0,0,0,0,0,0,0,NIFTYBANK
2025-09-30,INDEX,54705.5,54793.05,54502.95,54635.85,54635.85,54635.85,0,0,0,0,0,0,NIFTYBANK
2025-10-01,INDEX,54653.9,55406.75,54582.55,55347.95,55347.95,55347.95,0,0,0,0,0,0,NIFTYBANK
2025-10-03,INDEX,55182.6,55616.45,55177.0,55589.25,55589.25,55589.25,0,0,0,0,0,0,NIFTYBANK
2025-10-06,INDEX,55834.7,56164.2,55727.25,56104.85,56104.85,56104.85,0,0,0,0,0,0,NIFTYBANK
2025-10-07,INDEX,56126.4,56502.45,56025.05,56239.35,56239.35,56239.35,0,0,0,0,0,0,NIFTYBANK
2025-10-08,INDEX,56098.5,56303.6,55821.0,56018.25,56018.25,56018.25,0,0,0,0,0,0,NIFTYBANK
2025-10-09,INDEX,55979.0,56286.25,55843.9,56192.05,56192.05,56192.05,0,0,0,0,0,0,NIFTYBANK
2025-10-10,INDEX,56168.6,56760.25,56152.45,56609.75,56609.75,56609.75,0,0,0,0,0,0,NIFTYBANK
2025-10-13,INDEX,56337.05,56770.9,56327.4,56625.0,56625.0,56625.0,0,0,0,0,0,0,NIFTYBANK
2025-10-14,INDEX,56598.65,56721.3,56230.15,56496.45,56496.45,56496.45,0,0,0,0,0,0,NIFTYBANK
2025-10-15,INDEX,56528.95,56922.7,56491.85,56799.9,56799.9,56799.9,0,0,0,0,0,0,NIFTYBANK
2025-10-16,INDEX,57139.95,57525.8,56994.7,57422.55,57422.55,57422.55,0,0,0,0,0,0,NIFTYBANK
2025-10-17,INDEX,57362.9,57830.2,57238.65,57713.35,57713.35,57713.35,0,0,0,0,0,0,NIFTYBANK
2025-10-20,INDEX,57872.85,58261.55,57872.85,58033.2,58033.2,58033.2,0,0,0,0,0,0,NIFTYBANK
2025-10-21,INDEX,58063.4,58155.55,57887.2,58007.2,58007.2,58007.2,0,0,0,0,0,0,NIFTYBANK
2025-10-23,INDEX,58314.55,58577.5,57951.45,58078.05,58078.05,58078.05,0,0,0,0,0,0,NIFTYBANK
2025-10-24,INDEX,58172.75,58232.9,57482.05,57699.6,57699.6,57699.6,0,0,0,0,0,0,NIFTYBANK
2025-10-27,INDEX,57796.45,58224.55,57652.75,58114.25,58114.25,58114.25,0,0,0,0,0,0,NIFTYBANK
2025-10-28,INDEX,58006.55,58313.8,57770.35,58214.1,58214.1,58214.1,0,0,0,0,0,0,NIFTYBANK
2025-10-29,INDEX,58316.25,58469.9,58087.05,58385.25,58385.25,58385.25,0,0,0,0,0,0,NIFTYBANK
2025-10-30,INDEX,58152.05,58331.2,57999.2,58031.1,58031.1,58031.1,0,0,0,0,0,0,NIFTYBANK
2025-10-31,INDEX,57942.45,58254.95,57656.95,57776.35,57776.35,57776.35,0,0,0,0,0,0,NIFTYBANK
2025-11-03,INDEX,57726.85,58247.55,57718.4,58101.45,58101.45,58101.45,0,0,0,0,0,0,NIFTYBANK
2025-11-04,INDEX,57966.65,58119.65,57732.95,57827.05,57827.05,57827.05,0,0,0,0,0,0,NIFTYBANK
2025-11-06,INDEX,57714.8,57945.05,57521.0,57554.25,57554.25,57554.25,0,0,0,0,0,0,NIFTYBANK
2025-11-07,INDEX,57391.4,58001.35,57157.85,57876.8,57876.8,57876.8,0,0,0,0,0,0,NIFTYBANK
2025-11-10,INDEX,57846.2,58097.2,57846.2,57937.55,57937.55,57937.55,0,0,0,0,0,0,NIFTYBANK
2025-11-11,INDEX,57962.3,58187.35,57594.25,58138.15,58138.15,58138.15,0,0,0,0,0,0,NIFTYBANK
2025-11-12,INDEX,58505.35,58507.7,58171.85,58274.65,58274.65,58274.65,0,0,0,0,0,0,NIFTYBANK
2025-11-13,INDEX,58158.75,58615.95,58127.1,58381.95,58381.95,58381.95,0,0,0,0,0,0,NIFTYBANK
2025-11-14,INDEX,58050.0,58590.15,58050.0,58517.55,58517.55,58517.55,0,0,0,0,0,0,NIFTYBANK
2025-11-17,INDEX,58696.3,59001.55,58605.3,58962.7,58962.7,58962.7,0,0,0,0,0,0,NIFTYBANK
2025-11-18,INDEX,58990.5,59103.65,58798.9,58899.25,58899.25,58899.25,0,0,0,0,0,0,NIFTYBANK
2025-11-19,INDEX,58908.15,59264.25,58688.55,59216.05,59216.05,59216.05,0,0,0,0,0,0,NIFTYBANK
2025-11-20,INDEX,59308.2,59440.1,59125.25,59347.7,59347.7,59347.7,0,0,0,0,0,0,NIFTYBANK
2025-11-21,INDEX,59116.7,59232.15,58823.65,58867.7,58867.7,58867.7,0,0,0,0,0,0,NIFTYBANK
2025-11-24,INDEX,58996.9,59309.9,58649.5,58835.35,58835.35,58835.35,0,0,0,0,0,0,NIFTYBANK
2025-11-25,INDEX,58925.65,59166.15,58746.2,58820.3,58820.3,58820.3,0,0,0,0,0,0,NIFTYBANK
2025-11-26,INDEX,58783.05,59554.95,58783.05,59528.05,59528.05,59528.05,0,0,0,0,0,0,NIFTYBANK
2025-11-27,INDEX,59605.3,59866.6,59523.0,59737.3,59737.3,59737.3,0,0,0,0,0,0,NIFTYBANK
2025-11-28,INDEX,59758.7,59897.5,59598.95,59752.7,59752.7,59752.7,0,0,0,0,0,0,NIFTYBANK
2025-12-01,INDEX,60102.05,60114.3,59527.6,59681.35,59681.35,59681.35,0,0,0,0,0,0,NIFTYBANK
2025-12-02,INDEX,59354.2,59656.55,59251.95,59273.8,59273.8,59273.8,0,0,0,0,0,0,NIFTYBANK
2025-12-03,INDEX,59158.7,59414.9,58925.7,59348.25,59348.25,59348.25,0,0,0,0,0,0,NIFTYBANK
2025-12-04,INDEX,59287.1,59548.7,59062.15,59288.7,59288.7,59288.7,0,0,0,0,0,0,NIFTYBANK
2025-12-05,INDEX,59133.2,59806.6,59106.55,59777.2,59777.2,59777.2,0,0,0,0,0,0,NIFTYBANK
2025-12-08,INDEX,59672.05,59713.15,59030.6,59238.55,59238.55,59238.55,0,0,0,0,0,0,NIFTYBANK
2025-12-09,INDEX,58918.85,59358.25,58878.45,59222.35,59222.35,59222.35,0,0,0,0,0,0,NIFTYBANK
2025-12-10,INDEX,59281.55,59440.9,58853.9,58960.4,58960.4,58960.4,0,0,0,0,0,0,NIFTYBANK
2025-12-11,INDEX,58966.2,59423.35,58799.9,59209.85,59209.85,59209.85,0,0,0,0,0,0,NIFTYBANK
2025-12-12,INDEX,59401.5,59545.7,59224.85,59389.95,59389.95,59389.95,0,0,0,0,0,0,NIFTYBANK
2025-12-15,INDEX,59053.7,59533.0,59044.65,59461.8,59461.8,59461.8,0,0,0,0,0,0,NIFTYBANK
2025-12-16,INDEX,59288.75,59335.25,58966.35,59034.6,59034.6,59034.6,0,0,0,0,0,0,NIFTYBANK
2025-12-17,INDEX,59072.8,59127.2,58801.4,58926.75,58926.75,58926.75,0,0,0,0,0,0,NIFTYBANK
2025-12-18,INDEX,58712.7,59211.0,58712.7,58912.85,58912.85,58912.85,0,0,0,0,0,0,NIFTYBANK
2025-12-19,INDEX,59047.4,59140.55,58897.5,59069.2,59069.2,59069.2,0,0,0,0,0,0,NIFTYBANK
2025-12-22,INDEX,59224.75,59371.2,59155.5,59304.0,59304.0,59304.0,0,0,0,0,0,0,NIFTYBANK
2025-12-23,INDEX,59334.35,59402.35,59216.75,59299.55,59299.55,59299.55,0,0,0,0,0,0,NIFTYBANK
2025-12-24,INDEX,59322.95,59478.15,59118.25,59183.6,59183.6,59183.6,0,0,0,0,0,0,NIFTYBANK
2025-12-26,INDEX,59092.85,59180.65,58947.05,59011.35,59011.35,59011.35,0,0,0,0,0,0,NIFTYBANK
2025-12-29,INDEX,59007.05,59140.4,58809.55,58932.35,58932.35,58932.35,0,0,0,0,0,0,NIFTYBANK
2025-12-30,INDEX,58885.95,59272.7,58737.6,59171.25,59171.25,59171.25,0,0,0,0,0,0,NIFTYBANK
2025-12-31,INDEX,59194.6,59766.2,59187.1,59581.85,59581.85,59581.85,0,0,0,0,0,0,NIFTYBANK
2026-01-01,INDEX,59674.8,59743.2,59569.65,59711.55,59711.55,59711.55,0,0,0,0,0,0,NIFTYBANK
2026-01-02,INDEX,59757.4,60203.75,59738.25,60150.95,60150.95,60150.95,0,0,0,0,0,0,NIFTYBANK
2026-01-05,INDEX,60360.4,60437.35,59859.8,60044.2,60044.2,60044.2,0,0,0,0,0,0,NIFTYBANK
2026-01-06,INDEX,59957.8,60305.0,59844.8,60118.4,60118.4,60118.4,0,0,0,0,0,0,NIFTYBANK
2026-01-07,INDEX,60039.7,60065.4,59760.65,59990.85,59990.85,59990.85,0,0,0,0,0,0,NIFTYBANK
2026-01-08,INDEX,59893.15,60112.85,59564.8,59686.5,59686.5,59686.5,0,0,0,0,0,0,NIFTYBANK
2026-01-09,INDEX,59558.15,59739.65,59154.2,59251.55,59251.55,59251.55,0,0,0,0,0,0,NIFTYBANK
2026-01-12,INDEX,59217.25,59541.1,58864.2,59450.5,59450.5,59450.5,0,0,0,0,0,0,NIFTYBANK
2026-01-13,INDEX,59767.55,59767.55,59312.05,59578.8,59578.8,59578.8,0,0,0,0,0,0,NIFTYBANK
2026-01-14,INDEX,59330.35,59796.65,59324.2,59580.15,59580.15,59580.15,0,0,0,0,0,0,NIFTYBANK
2026-01-16,INDEX,59590.35,60235.15,59510.5,60095.15,60095.15,60095.15,0,0,0,0,0,0,NIFTYBANK
2026-01-19,INDEX,60093.3,60107.5,59594.6,59891.35,59891.35,59891.35,0,0,0,0,0,0,NIFTYBANK
2026-01-20,INDEX,59851.4,59993.5,59283.95,59404.2,59404.2,59404.2,0,0,0,0,0,0,NIFTYBANK
2026-01-21,INDEX,59142.0,59447.35,58278.6,58800.3,58800.3,58800.3,0,0,0,0,0,0,NIFTYBANK
2026-01-22,INDEX,59194.25,59573.1,58823.05,59200.1,59200.1,59200.1,0,0,0,0,0,0,NIFTYBANK
2026-01-23,INDEX,59305.15,59400.15,58346.25,58473.1,58473.1,58473.1,0,0,0,0,0,0,NIFTYBANK
2026-01-27,INDEX,58366.05,59436.8,58121.6,59205.45,59205.45,59205.45,0,0,0,0,0,0,NIFTYBANK
2026-01-28,INDEX,59575.65,59699.9,59240.1,59598.8,59598.8,59598.8,0,0,0,0,0,0,NIFTYBANK
2026-01-29,INDEX,59416.25,60060.7,59339.0,59957.85,59957.85,59957.85,0,0,0,0,0,0,NIFTYBANK
2026-01-30,INDEX,59542.25,59906.9,59501.8,59610.45,59610.45,59610.45,0,0,0,0,0,0,NIFTYBANK
2026-02-01,INDEX,59607.65,59865.7,57783.2,58417.2,58417.2,58417.2,0,0,0,0,0,0,NIFTYBANK
2026-02-02,INDEX,58239.3,58687.05,57829.85,58619.0,58619.0,58619.0,0,0,0,0,0,0,NIFTYBANK
2026-02-03,INDEX,61411.2,61764.85,59793.2,60041.3,60041.3,60041.3,0,0,0,0,0,0,NIFTYBANK
2026-02-04,INDEX,60163.35,60389.4,59891.75,60238.15,60238.15,60238.15,0,0,0,0,0,0,NIFTYBANK
2026-02-05,INDEX,60315.35,60328.3,59881.05,60063.65,60063.65,60063.65,0,0,0,0,0,0,NIFTYBANK
2026-02-06,INDEX,59967.1,60149.9,59644.55,60120.55,60120.55,60120.55,0,0,0,0,0,0,NIFTYBANK
2026-02-09,INDEX,60805.2,60876.2,60495.7,60669.35,60669.35,60669.35,0,0,0,0,0,0,NIFTYBANK
2026-02-10,INDEX,60740.8,60797.55,60531.55,60626.4,60626.4,60626.4,0,0,0,0,0,0,NIFTYBANK
2026-02-11,INDEX,60670.25,60779.95,60444.65,60745.35,60745.35,60745.35,0,0,0,0,0,0,NIFTYBANK
2026-02-12,INDEX,60786.15,60864.4,60597.65,60739.75,60739.75,60739.75,0,0,0,0,0,0,NIFTYBANK
2026-02-13,INDEX,60504.4,60621.9,60073.55,60186.65,60186.65,60186.65,0,0,0,0,0,0,NIFTYBANK
2026-02-16,INDEX,59947.8,61011.3,59861.1,60949.1,60949.1,60949.1,0,0,0,0,0,0,NIFTYBANK
2026-02-17,INDEX,60821.15,61241.6,60560.0,61174.0,61174.0,61174.0,0,0,0,0,0,0,NIFTYBANK
2026-02-18,INDEX,61255.35,61596.85,61100.9,61550.8,61550.8,61550.8,0,0,0,0,0,0,NIFTYBANK
2026-02-19,INDEX,61660.85,61678.8,60592.9,60739.55,60739.55,60739.55,0,0,0,0,0,0,NIFTYBANK
2026-02-20,INDEX,60627.85,61360.5,60562.35,61172.0,61172.0,61172.0,0,0,0,0,0,0,NIFTYBANK
2026-02-23,INDEX,61145.55,61517.8,61029.15,61264.25,61264.25,61264.25,0,0,0,0,0,0,NIFTYBANK
2026-02-24,INDEX,61392.1,61435.65,60801.85,61047.3,61047.3,61047.3,0,0,0,0,0,0,NIFTYBANK
2026-02-25,INDEX,61175.05,61317.55,60816.75,61043.35,61043.35,61043.35,0,0,0,0,0,0,NIFTYBANK
2026-02-26,INDEX,61193.9,61284.75,60813.3,61187.7,61187.7,61187.7,0,0,0,0,0,0,NIFTYBANK
2026-02-27,INDEX,61057.45,61086.45,60438.95,60529.0,60529.0,60529.0,0,0,0,0,0,0,NIFTYBANK
2026-03-02,INDEX,59204.3,60177.5,59148.0,59839.65,59839.65,59839.65,0,0,0,0,0,0,NIFTYBANK
2026-03-04,INDEX,58447.15,59058.4,58393.55,58755.25,58755.25,58755.25,0,0,0,0,0,0,NIFTYBANK
2026-03-05,INDEX,59008.25,59274.35,58506.4,59055.85,59055.85,59055.85,0,0,0,0,0,0,NIFTYBANK
2026-03-06,INDEX,58629.6,58807.15,57696.4,57783.25,57783.25,57783.25,0,0,0,0,0,0,NIFTYBANK
2026-03-09,INDEX,56121.4,56274.15,55270.6,56019.8,56019.8,56019.8,0,0,0,0,0,0,NIFTYBANK
2026-03-10,INDEX,56583.85,57097.05,56387.2,56950.8,56950.8,56950.8,0,0,0,0,0,0,NIFTYBANK
2026-03-11,INDEX,56790.4,56938.4,55631.95,55735.75,55735.75,55735.75,0,0,0,0,0,0,NIFTYBANK
2026-03-12,INDEX,55008.2,55636.95,54760.55,55100.95,55100.95,55100.95,0,0,0,0,0,0,NIFTYBANK
2026-03-13,INDEX,54592.05,54713.75,53675.7,53757.85,53757.85,53757.85,0,0,0,0,0,0,NIFTYBANK
2026-03-16,INDEX,53721.5,54664.15,53258.15,54413.4,54413.4,54413.4,0,0,0,0,0,0,NIFTYBANK
2026-03-17,INDEX,54649.1,54996.0,54113.15,54876.0,54876.0,54876.0,0,0,0,0,0,0,NIFTYBANK
2026-03-18,INDEX,54927.05,55554.15,54689.1,55326.05,55326.05,55326.05,0,0,0,0,0,0,NIFTYBANK
2026-03-19,INDEX,53474.55,54150.3,53240.6,53451.0,53451.0,53451.0,0,0,0,0,0,0,NIFTYBANK
2026-03-20,INDEX,53548.2,54382.45,53297.55,53427.05,53427.05,53427.05,0,0,0,0,0,0,NIFTYBANK
2026-03-23,INDEX,52576.1,52665.3,51323.6,51437.75,51437.75,51437.75,0,0,0,0,0,0,NIFTYBANK
2026-03-24,INDEX,52384.8,52949.15,51827.5,52605.65,52605.65,52605.65,0,0,0,0,0,0,NIFTYBANK
2026-03-25,INDEX,53024.75,54146.15,53024.75,53708.1,53708.1,53708.1,0,0,0,0,0,0,NIFTYBANK
2026-03-27,INDEX,53244.25,53292.5,52211.2,52274.6,52274.6,52274.6,0,0,0,0,0,0,NIFTYBANK
2026-03-30,INDEX,51527.9,51624.5,50105.25,50275.35,50275.35,50275.35,0,0,0,0,0,0,NIFTYBANK
2026-04-01,INDEX,51433.9,52025.85,51133.55,51448.65,51448.65,51448.65,0,0,0,0,0,0,NIFTYBANK
2026-04-02,INDEX,50625.65,51731.95,49954.85,51548.75,51548.75,51548.75,0,0,0,0,0,0,NIFTYBANK
2026-04-06,INDEX,51747.6,52704.55,51111.1,52609.1,52609.1,52609.1,0,0,0,0,0,0,NIFTYBANK
2026-04-07,INDEX,52258.7,52778.2,51868.45,52716.25,52716.25,52716.25,0,0,0,0,0,0,NIFTYBANK
2026-04-08,INDEX,54904.45,55778.25,54797.5,55703.9,55703.9,55703.9,0,0,0,0,0,0,NIFTYBANK
2026-04-09,INDEX,55505.95,55583.1,54626.85,54821.7,54821.7,54821.7,0,0,0,0,0,0,NIFTYBANK
2026-04-10,INDEX,55182.25,55978.5,55145.25,55912.75,55912.75,55912.75,0,0,0,0,0,0,NIFTYBANK
2026-04-13,INDEX,54646.0,55752.65,54356.2,55605.05,55605.05,55605.05,0,0,0,0,0,0,NIFTYBANK
2026-04-15,INDEX,56343.45,56786.25,56109.2,56301.95,56301.95,56301.95,0,0,0,0,0,0,NIFTYBANK
2026-04-16,INDEX,56657.25,56834.25,55898.25,56086.4,56086.4,56086.4,0,0,0,0,0,0,NIFTYBANK
2026-04-17,INDEX,56072.4,56628.7,55841.65,56565.7,56565.7,56565.7,0,0,0,0,0,0,NIFTYBANK
2026-04-20,INDEX,56704.05,57085.1,56356.55,56582.35,56582.35,56582.35,0,0,0,0,0,0,NIFTYBANK
2026-04-21,INDEX,56823.6,57456.3,56696.3,57371.45,57371.45,57371.45,0,0,0,0,0,0,NIFTYBANK
2026-04-22,INDEX,57163.35,57438.2,57002.15,57124.45,57124.45,57124.45,0,0,0,0,0,0,NIFTYBANK
2026-04-23,INDEX,56608.95,56868.7,56217.15,56305.0,56305.0,56305.0,0,0,0,0,0,0,NIFTYBANK
2026-04-24,INDEX,56170.2,56460.5,55750.4,56089.75,56089.75,56089.75,0,0,0,0,0,0,NIFTYBANK
2026-04-27,INDEX,56162.6,56474.95,55911.1,56264.3,56264.3,56264.3,0,0,0,0,0,0,NIFTYBANK
2026-04-28,INDEX,55862.5,56138.05,55263.75,55400.35,55400.35,55400.35,0,0,0,0,0,0,NIFTYBANK
2026-04-29,INDEX,55634.5,56178.75,55290.5,55403.6,55403.6,55403.6,0,0,0,0,0,0,NIFTYBANK
2026-04-30,INDEX,54880.65,55111.6,54440.25,54863.35,54863.35,54863.35,0,0,0,0,0,0,NIFTYBANK
2026-05-04,INDEX,54937.9,55602.3,54723.5,54878.5,54878.5,54878.5,0,0,0,0,0,0,NIFTYBANK
2026-05-05,INDEX,54691.3,54888.55,54221.65,54547.05,54547.05,54547.05,0,0,0,0,0,0,NIFTYBANK
2026-05-06,INDEX,55113.4,56078.8,54587.2,55981.05,55981.05,55981.05,0,0,0,0,0,0,NIFTYBANK
2026-05-07,INDEX,56114.0,56334.15,55783.2,56047.4,56047.4,56047.4,0,0,0,0,0,0,NIFTYBANK
2026-05-08,INDEX,55783.95,55797.7,55062.5,55310.55,55310.55,55310.55,0,0,0,0,0,0,NIFTYBANK
2026-05-11,INDEX,54832.45,55002.45,54360.7,54439.9,54439.9,54439.9,0,0,0,0,0,0,NIFTYBANK
2026-05-12,INDEX,54178.4,54365.45,53457.5,53555.2,53555.2,53555.2,0,0,0,0,0,0,NIFTYBANK
2026-05-13,INDEX,53600.4,54103.9,53194.25,53456.15,53456.15,53456.15,0,0,0,0,0,0,NIFTYBANK
2026-05-14,INDEX,53639.5,54393.75,53191.6,54128.95,54128.95,54128.95,0,0,0,0,0,0,NIFTYBANK
2026-05-15,INDEX,54207.75,54325.45,53628.3,53710.35,53710.35,53710.35,0,0,0,0,0,0,NIFTYBANK
2026-05-18,INDEX,53282.15,53667.55,52783.45,53537.0,53537.0,53537.0,0,0,0,0,0,0,NIFTYBANK
2026-05-19,INDEX,53553.75,53770.65,53337.05,53409.15,53409.15,53409.15,0,0,0,0,0,0,NIFTYBANK
2026-05-20,INDEX,53015.7,53640.9,52836.1,53562.2,53562.2,53562.2,0,0,0,0,0,0,NIFTYBANK
2026-05-21,INDEX,53963.1,54109.15,53156.15,53439.4,53439.4,53439.4,0,0,0,0,0,0,NIFTYBANK
2026-05-22,INDEX,53483.85,54213.05,53483.55,54055.35,54055.35,54055.35,0,0,0,0,0,0,NIFTYBANK
2026-05-25,INDEX,54610.55,55405.2,54590.7,55293.65,55293.65,55293.65,0,0,0,0,0,0,NIFTYBANK
2026-05-26,INDEX,55311.8,55536.8,54979.75,55092.9,55092.9,55092.9,0,0,0,0,0,0,NIFTYBANK
2026-05-27,INDEX,54992.95,55221.7,54738.6,54853.85,54853.85,54853.85,0,0,0,0,0,0,NIFTYBANK
2026-05-29,INDEX,54748.3,55184.45,54116.15,54239.2,54239.2,54239.2,0,0,0,0,0,0,NIFTYBANK
2026-06-01,INDEX,54403.85,54582.75,53470.0,53643.1,53643.1,53643.1,0,0,0,0,0,0,NIFTYBANK
2026-06-02,INDEX,53265.1,53933.55,53121.85,53714.65,53714.65,53714.65,0,0,0,0,0,0,NIFTYBANK
2026-06-03,INDEX,53541.1,54299.35,53027.15,54185.95,54185.95,54185.95,0,0,0,0,0,0,NIFTYBANK
2026-06-04,INDEX,53918.85,54461.0,53829.4,54307.85,54307.85,54307.85,0,0,0,0,0,0,NIFTYBANK
2026-06-05,INDEX,54405.2,54865.5,54140.6,54496.25,54496.25,54496.25,0,0,0,0,0,0,NIFTYBANK
2026-06-08,INDEX,53853.45,54455.2,53843.3,54063.75,54063.75,54063.75,0,0,0,0,0,0,NIFTYBANK
2026-06-09,INDEX,54265.0,55318.35,54242.3,55194.5,55194.5,55194.5,0,0,0,0,0,0,NIFTYBANK
2026-06-10,INDEX,55110.5,55555.85,55026.15,55100.3,55100.3,55100.3,0,0,0,0,0,0,NIFTYBANK
2026-06-11,INDEX,54779.65,55600.15,54753.15,55176.75,55176.75,55176.75,0,0,0,0,0,0,NIFTYBANK
2026-06-12,INDEX,55934.1,56867.1,55726.55,56814.8,56814.8,56814.8,0,0,0,0,0,0,NIFTYBANK
2026-06-15,INDEX,57679.65,57804.5,57119.2,57198.8,57198.8,57198.8,0,0,0,0,0,0,NIFTYBANK
2026-06-16,INDEX,57320.1,57399.7,57076.25,57297.15,57297.15,57297.15,0,0,0,0,0,0,NIFTYBANK
2026-06-17,INDEX,57434.05,57646.15,57222.4,57585.05,57585.05,57585.05,0,0,0,0,0,0,NIFTYBANK
2026-06-18,INDEX,57596.45,58021.25,57583.2,57963.8,57963.8,57963.8,0,0,0,0,0,0,NIFTYBANK
2026-06-19,INDEX,57754.95,57804.9,57464.55,57685.75,57685.75,57685.75,0,0,0,0,0,0,NIFTYBANK
2026-06-22,INDEX,57906.9,58009.1,57720.1,57935.6,57935.6,57935.6,0,0,0,0,0,0,NIFTYBANK
2026-06-23,INDEX,57886.75,57970.9,57078.45,57183.75,57183.75,57183.75,0,0,0,0,0,0,NIFTYBANK
2026-06-24,INDEX,57074.9,58256.35,57074.9,58150.35,58150.35,58150.35,0,0,0,0,0,0,NIFTYBANK
2026-06-25,INDEX,58493.85,58706.05,58109.85,58177.05,58177.05,58177.05,0,0,0,0,0,0,NIFTYBANK
2026-06-29,INDEX,58191.45,58318.05,57637.25,57727.35,57727.35,57727.35,0,0,0,0,0,0,NIFTYBANK
2026-06-30,INDEX,58011.95,58011.95,57456.65,57542.9,57542.9,57542.9,0,0,0,0,0,0,NIFTYBANK
2026-07-01,INDEX,57573.35,58134.15,57487.85,58033.05,58033.05,58033.05,0,0,0,0,0,0,NIFTYBANK
2026-07-02,INDEX,58134.5,58396.1,57884.6,58031.65,58031.65,58031.65,0,0,0,0,0,0,NIFTYBANK
2026-07-03,INDEX,58343.25,58343.25,57799.05,57938.5,57938.5,57938.5,0,0,0,0,0,0,NIFTYBANK
2026-07-06,INDEX,57983.9,58477.3,57938.65,58291.5,58291.5,58291.5,0,0,0,0,0,0,NIFTYBANK
2026-07-07,INDEX,58567.85,58581.1,58110.1,58200.7,58200.7,58200.7,0,0,0,0,0,0,NIFTYBANK
2026-07-08,INDEX,57918.25,58075.6,56549.4,56742.6,56742.6,56742.6,0,0,0,0,0,0,NIFTYBANK
2026-07-09,INDEX,56871.0,57464.2,56867.3,57252.45,57252.45,57252.45,0,0,0,0,0,0,NIFTYBANK
2026-07-10,INDEX,57592.5,58251.95,57576.7,58045.9,58045.9,58045.9,0,0,0,0,0,0,NIFTYBANK
2026-07-13,INDEX,57616.7,58219.9,57492.05,58131.45,58131.45,58131.45,0,0,0,0,0,0,NIFTYBANK
2026-07-14,INDEX,57832.55,57840.05,57286.9,57462.3,57462.3,57462.3,0,0,0,0,0,0,NIFTYBANK
2026-07-15,INDEX,57643.75,58148.8,57545.2,57757.85,57757.85,57757.85,0,0,0,0,0,0,NIFTYBANK
2026-07-16,INDEX,57831.1,57931.3,57420.15,57582.25,57582.25,57582.25,0,0,0,0,0,0,NIFTYBANK
2026-07-17,INDEX,57662.0,58596.85,57542.15,58521.4,58521.4,58521.4,0,0,0,0,0,0,NIFTYBANK
2026-07-20,INDEX,57738.25,58111.0,57533.1,57945.0,57945.0,57945.0,0,0,0,0,0,0,NIFTYBANK
2026-07-21,INDEX,57853.75,58228.65,57803.85,57835.35,57835.35,57835.35,0,0,0,0,0,0,NIFTYBANK
2026-07-22,INDEX,57768.4,57824.0,56970.6,57126.8,57126.8,57126.8,0,0,0,0,0,0,NIFTYBANK
2026-07-23,INDEX,56796.95,56930.15,56374.75,56592.0,56592.0,56592.0,0,0,0,0,0,0,NIFTYBANK
2026-07-24,INDEX,56169.4,56831.45,56023.6,56693.5,56693.5,56693.5,0,0,0,0,0,0,NIFTYBANK
2026-07-27,INDEX,57116.8,57330.05,56928.65,57087.2,57087.2,57087.2,0,0,0,0,0,0,NIFTYBANK
2026-07-28,INDEX,56883.55,57054.2,56672.4,56755.6,56755.6,56755.6,0,0,0,0,0,0,NIFTYBANK
2026-07-29,INDEX,57126.6,57315.95,56939.35,57205.9,57205.9,57205.9,0,0,0,0,0,0,NIFTYBANK
2026-07-30,INDEX,57127.05,57236.65,56768.6,57147.5,57147.5,57147.5,0,0,0,0,0,0,NIFTYBANK
2026-07-31,INDEX,57225.9,57411.25,57139.6,57264.85,57264.85,57264.85,0,0,0,0,0,0,NIFTYBANK
2026-08-03,INDEX,57569.6,58247.95,57465.95,58247.95,58247.95,58247.95,0,0,0,0,0,0,NIFTYBANK
2026-08-04,INDEX,58068.95,58068.95,57352.65,57907.2,57907.2,57907.2,0,0,0,0,0,0,NIFTYBANK
2026-08-05,INDEX,57810.05,57931.85,57456.35,57739.95,57739.95,57739.95,0,0,0,0,0,0,NIFTYBANK
2026-08-06,INDEX,57815.0,58076.85,57714.7,58063.65,58063.65,58063.65,0,0,0,0,0,0,NIFTYBANK
2026-08-07,INDEX,57882.0,57994.45,57686.55,57746.45,57746.45,57746.45,0,0,0,0,0,0,NIFTYBANK
2026-08-10,INDEX,57812.3,58015.85,57527.75,57686.95,57686.95,57686.95,0,0,0,0,0,0,NIFTYBANK
2026-08-11,INDEX,57604.35,57607.25,57158.1,57446.25,57446.25,57446.25,0,0,0,0,0,0,NIFTYBANK
2026-08-12,INDEX,57391.8,57885.85,57254.0,57885.85,57885.85,57885.85,0,0,0,0,0,0,NIFTYBANK
2026-08-13,INDEX,57799.15,57799.15,57548.6,57635.25,57635.25,57635.25,0,0,0,0,0,0,NIFTYBANK
2026-08-14,INDEX,57589.75,57681.45,57380.45,57491.1,57491.1,57491.1,0,0,0,0,0,0,NIFTYBANK
2026-08-17,INDEX,57418.3,57757.25,57119.6,57497.8,57497.8,57497.8,0,0,0,0,0,0,NIFTYBANK
2026-08-18,INDEX,57325.55,57584.7,57217.6,57262.4,57262.4,57262.4,0,0,0,0,0,0,NIFTYBANK
2026-08-19,INDEX,57260.65,57356.85,57001.75,57239.75,57239.75,57239.75,0,0,0,0,0,0,NIFTYBANK
2026-08-20,INDEX,57507.65,57702.95,57431.8,57495.9,57495.9,57495.9,0,0,0,0,0,0,NIFTYBANK
2026-08-21,INDEX,57613.2,57772.45,57481.55,57761.95,57761.95,57761.95,0,0,0,0,0,0,NIFTYBANK
2026-08-24,INDEX,57828.15,57873.75,57245.95,57525.95,57525.95,57525.95,0,0,0,0,0,0,NIFTYBANK
2026-08-25,INDEX,57360.65,57653.85,57231.25,57514.2,57514.2,57514.2,0,0,0,0,0,0,NIFTYBANK
2026-08-26,INDEX,57628.65,57996.05,57611.85,57783.75,57783.75,57783.75,0,0,0,0,0,0,NIFTYBANK
2026-08-27,INDEX,57985.0,58012.4,57509.95,57509.95,57509.95,57509.95,0,0,0,0,0,0,NIFTYBANK
2026-08-28,INDEX,57429.75,57596.4,57264.0,57496.3,57496.3,57496.3,0,0,0,0,0,0,NIFTYBANK
2026-08-31,INDEX,57353.75,58024.95,57187.35,58024.95,58024.95,58024.95,0,0,0,0,0,0,NIFTYBANK
2026-09-01,INDEX,57560.3,57766.25,57150.7,57409.6,57409.6,57409.6,0,0,0,0,0,0,NIFTYBANK
2026-09-02,INDEX,57006.45,57221.1,56823.2,57172.0,57172.0,57172.0,0,0,0,0,0,0,NIFTYBANK
2026-09-03,INDEX,57497.85,57753.6,57380.6,57380.6,57380.6,57380.6,0,0,0,0,0,0,NIFTYBANK
2026-09-04,INDEX,57492.65,57677.15,57324.55,57369.65,57369.65,57369.65,0,0,0,0,0,0,NIFTYBANK
2026-09-07,INDEX,57343.3,57426.85,57002.95,57088.3,57088.3,57088.3,0,0,0,0,0,0,NIFTYBANK
2026-09-08,INDEX,56990.4,57044.0,56720.45,56777.55,56777.55,56777.55,0,0,0,0,0,0,NIFTYBANK
2026-09-09,INDEX,56498.85,56743.05,56295.55,56295.55,56295.55,56295.55,0,0,0,0,0,0,NIFTYBANK
2026-09-10,INDEX,56262.75,56575.15,56231.85,56471.95,56471.95,56471.95,0,0,0,0,0,0,NIFTYBANK
2026-09-11,INDEX,55970.15,56645.85,55699.45,56606.55,56606.55,56606.55,0,0,0,0,0,0,NIFTYBANK
2026-09-15,INDEX,56884.25,56996.35,55794.75,55794.75,55794.75,55794.75,0,0,0,0,0,0,NIFTYBANK
2026-09-16,INDEX,56007.65,56368.7,55812.2,56292.45,56292.45,56292.45,0,0,0,0,0,0,NIFTYBANK
