DATE,SERIES,OPEN,HIGH,LOW,PREV. CLOSE,LTP,CLOSE,VWAP,VOLUME,VALUE,NO OF TRADES,DELIVERY QTY,DELIVERY %,SYMBOL
2022-01-03,EQ,48.8,50.0,48.25,48.35,49.55,49.65,49.4,33785136,1668974528.75,56535,10038133,29.71,IDFCFIRSTB
2022-01-04,EQ,49.65,50.1,48.6,49.65,49.4,49.3,49.38,30079665,1485344703.85,41905,8195549,27.25,IDFCFIRSTB
2022-01-05,EQ,49.2,50.35,48.85,49.3,49.75,49.8,49.62,29817214,1479578029.65,43013,8499665,28.51,IDFCFIRSTB
2022-01-06,EQ,49.5,50.25,48.7,49.8,49.75,49.8,49.45,21692204,1072681441.5,36832,5255994,24.23,IDFCFIRSTB
2022-01-07,EQ,50.0,50.25,49.0,49.8,49.25,49.2,49.49,22329620,1105185055.1,34097,6024644,26.98,IDFCFIRSTB
2022-01-10,EQ,49.4,50.25,49.2,49.2,49.8,49.8,49.76,22812760,1135232228.2,33899,7720192,33.84,IDFCFIRSTB
2022-01-11,EQ,50.0,50.6,49.1,49.8,49.35,49.3,49.68,24714529,1227904620.0,38687,6423125,25.99,IDFCFIRSTB
2022-01-12,EQ,49.65,49.85,49.15,49.3,49.4,49.5,49.5,21733382,1075700948.15,32953,8618525,39.66,IDFCFIRSTB
2022-01-13,EQ,49.5,49.95,48.9,49.5,49.6,49.8,49.56,19992641,990782267.1,28797,6225714,31.14,IDFCFIRSTB
2022-01-14,EQ,49.3,50.15,49.05,49.8,49.05,49.2,49.42,15892843,785397285.05,27788,4765285,29.98,IDFCFIRSTB
2022-01-17,EQ,49.2,49.75,48.9,49.2,49.15,49.0,49.19,19823854,975208907.0,31703,8012158,40.42,IDFCFIRSTB
2022-01-18,EQ,49.4,49.6,47.6,49.0,47.7,47.75,48.69,22624694,1101660948.75,34904,7049568,31.16,IDFCFIRSTB
2022-01-19,EQ,47.75,49.15,47.1,47.75,48.8,48.95,48.25,23614427,1139513006.0,30161,5079024,21.51,IDFCFIRSTB
2022-01-20,EQ,48.8,48.9,47.45,48.95,47.85,47.75,48.1,23702927,1140167301.6,37560,9274975,39.13,IDFCFIRSTB
2022-01-21,EQ,47.65,47.8,46.2,47.75,46.8,46.7,46.92,23898789,1121399721.2,41074,7847609,32.84,IDFCFIRSTB
2022-01-24,EQ,46.6,47.0,44.1,46.7,44.6,44.55,45.27,31463513,1424323956.55,61938,11207955,35.62,IDFCFIRSTB
2022-01-25,EQ,44.0,45.7,43.95,44.55,45.2,45.2,45.17,40380942,1823807317.95,53458,15658063,38.78,IDFCFIRSTB
2022-01-27,EQ,45.1,46.4,44.4,45.2,46.25,45.95,45.28,36296339,1643332607.8,50091,11703373,32.24,IDFCFIRSTB
2022-01-28,EQ,46.45,47.5,46.35,45.95,46.55,46.6,46.95,28061964,1317517888.05,36851,8167748,29.11,IDFCFIRSTB
2022-01-31,EQ,48.0,48.2,46.6,46.6,46.9,46.75,47.21,39701559,1874463644.0,57156,10388299,26.17,IDFCFIRSTB
2022-02-01,EQ,47.4,47.7,46.6,46.75,47.45,47.45,47.31,24779484,1172248562.6,35296,5216803,21.05,IDFCFIRSTB
2022-02-02,EQ,47.6,49.45,47.55,47.45,49.3,49.3,48.76,34108644,1662971305.75,47953,11982567,35.13,IDFCFIRSTB
2022-02-03,EQ,49.3,49.4,48.2,49.3,48.3,48.4,48.76,19239520,938189572.1,31676,5373007,27.93,IDFCFIRSTB
2022-02-04,EQ,48.4,48.7,47.6,48.4,47.8,47.9,48.1,17505548,841951450.9,25819,4632971,26.47,IDFCFIRSTB
2022-02-07,EQ,47.9,48.15,46.6,47.9,47.1,47.1,47.38,16712886,791792596.1,30898,3946845,23.62,IDFCFIRSTB
2022-02-08,EQ,47.2,47.45,45.9,47.1,46.6,46.75,46.56,19087389,888694629.9,31188,4416701,23.14,IDFCFIRSTB
2022-02-09,EQ,47.05,47.4,46.65,46.75,47.05,47.1,47.01,9817874,461528608.65,18455,2805506,28.58,IDFCFIRSTB
2022-02-10,EQ,47.3,47.8,46.75,47.1,47.2,47.25,47.31,12999351,615013675.9,25116,2971866,22.86,IDFCFIRSTB
2022-02-11,EQ,47.0,47.4,46.35,47.25,46.4,46.45,46.74,18679632,873018505.4,24781,6288823,33.67,IDFCFIRSTB
2022-02-14,EQ,45.25,46.05,43.55,46.45,43.6,43.8,44.46,35904564,1596409681.0,74657,12715866,35.42,IDFCFIRSTB
2022-02-15,EQ,44.25,45.6,42.9,43.8,45.4,45.4,44.03,28996531,1276760809.8,52946,7485493,25.82,IDFCFIRSTB
2022-02-16,EQ,45.7,46.15,45.1,45.4,45.2,45.35,45.72,22441769,1026126075.75,29501,4657948,20.76,IDFCFIRSTB
2022-02-17,EQ,45.4,45.7,44.55,45.35,44.65,44.7,44.95,19292985,867166704.55,26724,3689303,19.12,IDFCFIRSTB
2022-02-18,EQ,44.45,45.2,44.3,44.7,44.4,44.4,44.68,13086363,584701848.15,21065,3090767,23.62,IDFCFIRSTB
2022-02-21,EQ,44.3,44.95,43.7,44.4,43.9,43.9,44.2,17138792,757481347.35,27587,3599139,21.0,IDFCFIRSTB
2022-02-22,EQ,42.75,43.4,42.4,43.9,43.35,43.3,42.93,20368031,874441931.6,40133,4813182,23.63,IDFCFIRSTB
2022-02-23,EQ,43.75,44.1,43.05,43.3,43.2,43.3,43.67,14895156,650543526.3,25961,4268993,28.66,IDFCFIRSTB
2022-02-24,EQ,42.3,42.7,37.6,43.3,39.4,38.9,40.23,62863486,2528734386.25,116716,25144265,40.0,IDFCFIRSTB
2022-02-25,EQ,40.8,43.05,40.1,38.9,42.25,42.05,41.99,46794549,1964810857.05,64783,12689813,27.12,IDFCFIRSTB
2022-02-28,EQ,41.5,42.6,41.1,42.05,42.0,42.1,41.9,33337507,1396980257.2,49382,11069161,33.2,IDFCFIRSTB
2022-03-02,EQ,41.75,42.25,41.15,42.1,42.15,41.95,41.75,21825831,911140533.15,55467,7518192,34.45,IDFCFIRSTB
2022-03-03,EQ,42.45,42.8,41.3,41.95,41.55,41.6,42.05,20381783,856956926.35,34049,5052335,24.79,IDFCFIRSTB
2022-03-04,EQ,41.25,41.55,40.55,41.6,40.8,40.75,40.99,30141333,1235352316.4,61953,9002840,29.87,IDFCFIRSTB
2022-03-07,EQ,40.0,40.35,39.0,40.75,40.3,40.1,39.66,31831228,1262389883.65,63576,10447111,32.82,IDFCFIRSTB
2022-03-08,EQ,40.5,41.25,39.55,40.1,40.85,40.6,40.41,31172979,1259626509.5,55176,7281478,23.36,IDFCFIRSTB
2022-03-09,EQ,41.25,42.25,40.75,40.6,42.15,42.05,41.43,29175048,1208579492.7,36532,9773637,33.5,IDFCFIRSTB
2022-03-10,EQ,42.95,43.55,42.0,42.05,42.15,42.3,42.84,27727480,1187891830.45,40825,6543157,23.6,IDFCFIRSTB
2022-03-11,EQ,42.1,42.7,41.65,42.3,42.35,42.4,42.2,20037602,845667815.55,26906,3307005,16.5,IDFCFIRSTB
2022-03-14,EQ,42.4,42.55,41.35,42.4,42.0,41.9,41.83,19612107,820294332.15,27226,4786386,24.41,IDFCFIRSTB
2022-03-15,EQ,42.1,42.45,40.4,41.9,40.65,40.7,41.49,27719716,1149995837.1,34474,8433834,30.43,IDFCFIRSTB
2022-03-16,EQ,41.65,42.2,41.1,40.7,42.05,42.0,41.58,21472059,892879542.85,32513,6792003,31.63,IDFCFIRSTB
2022-03-17,EQ,42.6,42.95,42.45,42.0,42.7,42.7,42.69,29552261,1261591541.7,34401,10228185,34.61,IDFCFIRSTB
2022-03-21,EQ,42.8,43.2,41.75,42.7,41.9,41.85,42.28,18721207,791615337.35,29049,6306953,33.69,IDFCFIRSTB
2022-03-22,EQ,41.9,42.0,40.3,41.85,40.9,40.6,40.75,52099992,2122937792.75,65078,25736559,49.4,IDFCFIRSTB
2022-03-23,EQ,41.1,41.3,40.45,40.6,40.7,40.75,40.79,67093172,2736806383.1,57356,34562220,51.51,IDFCFIRSTB
2022-03-24,EQ,40.8,41.0,39.9,40.75,40.1,40.05,40.28,71458804,2878543824.4,78295,37831188,52.94,IDFCFIRSTB
2022-03-25,EQ,40.4,40.4,39.7,40.05,39.95,39.8,39.97,55560089,2220939688.7,53808,26572266,47.83,IDFCFIRSTB
2022-03-28,EQ,39.9,40.0,38.2,39.8,38.5,38.45,38.74,63705552,2468218000.25,75765,29181265,45.81,IDFCFIRSTB
2022-03-29,EQ,38.75,39.0,37.7,38.45,37.85,37.9,38.12,53429939,2036949961.4,61536,26018676,48.7,IDFCFIRSTB
2022-03-30,EQ,38.35,40.15,38.15,37.9,38.85,38.85,39.08,141628657,5534791489.95,99631,51988702,36.71,IDFCFIRSTB
2022-03-31,EQ,39.2,39.85,38.75,38.85,39.55,39.7,39.34,44162139,1737507493.8,46504,13182937,29.85,IDFCFIRSTB
2022-04-01,EQ,39.65,41.85,39.45,39.7,41.75,41.7,41.27,67257615,2775707832.25,75412,22540518,33.51,IDFCFIRSTB
2022-04-04,EQ,42.5,44.0,41.75,41.7,43.6,43.65,43.02,78587513,3380663125.75,92485,26001798,33.09,IDFCFIRSTB
2022-04-05,EQ,43.8,44.2,43.1,43.65,43.35,43.4,43.65,43259401,1888251897.35,53508,10947568,25.31,IDFCFIRSTB
2022-04-06,EQ,43.4,43.85,42.75,43.4,43.25,43.45,43.3,30891862,1337670829.45,38877,8200766,26.55,IDFCFIRSTB
2022-04-07,EQ,43.5,43.6,42.25,43.45,42.45,42.45,42.87,37420483,1604305143.85,61025,12531917,33.49,IDFCFIRSTB
2022-04-08,EQ,42.65,42.75,41.4,42.45,41.95,41.9,42.01,34130747,1433869500.6,45620,12751337,37.36,IDFCFIRSTB
2022-04-11,EQ,41.9,42.9,41.7,41.9,42.4,42.4,42.45,20616203,875160589.7,32287,5770709,27.99,IDFCFIRSTB
2022-04-12,EQ,42.4,42.4,40.95,42.4,41.6,41.6,41.45,28215022,1169417421.0,46615,8694261,30.81,IDFCFIRSTB
2022-04-13,EQ,41.7,42.2,41.25,41.6,41.45,41.35,41.74,22740460,949130514.8,33163,6105619,26.85,IDFCFIRSTB
2022-04-18,EQ,41.3,41.3,40.25,41.35,40.85,40.8,40.72,22837815,929964884.5,42201,6987358,30.6,IDFCFIRSTB
2022-04-19,EQ,41.15,41.2,39.55,40.8,39.85,40.05,40.55,23673024,959964093.45,49676,9231959,39.0,IDFCFIRSTB
2022-04-20,EQ,40.2,40.45,39.7,40.05,40.2,40.1,40.05,22275704,892193104.3,36489,7258047,32.58,IDFCFIRSTB
2022-04-21,EQ,40.35,40.95,40.2,40.1,40.85,40.85,40.62,14493850,588728294.95,27696,5031735,34.72,IDFCFIRSTB
2022-04-22,EQ,40.6,40.9,39.95,40.85,40.1,40.05,40.47,19026852,770002522.35,38473,6839181,35.94,IDFCFIRSTB
2022-04-25,EQ,39.8,39.95,39.15,40.05,39.35,39.3,39.45,23357268,921397303.8,43799,8722679,37.34,IDFCFIRSTB
2022-04-26,EQ,39.8,40.3,39.65,39.3,40.25,40.15,39.94,14193121,566869975.65,24638,4833229,34.05,IDFCFIRSTB
2022-04-27,EQ,39.9,40.1,39.3,40.15,39.7,39.7,39.7,14373185,570665441.6,30310,4476114,31.14,IDFCFIRSTB
2022-04-28,EQ,39.9,40.0,39.2,39.7,39.85,39.7,39.53,20090339,794216173.75,30020,7620416,37.93,IDFCFIRSTB
2022-04-29,EQ,39.9,40.5,39.3,39.7,39.45,39.5,40.07,24604133,985784280.55,32047,8496939,34.53,IDFCFIRSTB
2022-05-02,EQ,39.7,40.65,38.3,39.5,38.85,38.85,39.27,53519580,2101709401.25,73046,20500419,38.3,IDFCFIRSTB
2022-05-04,EQ,39.35,40.8,38.1,38.85,38.55,38.4,39.54,58386315,2308834399.8,80622,15491210,26.53,IDFCFIRSTB
2022-05-05,EQ,39.15,40.45,38.9,38.4,39.15,39.2,39.64,37944639,1503937594.9,48484,8288361,21.84,IDFCFIRSTB
2022-05-06,EQ,38.45,39.2,37.85,39.2,38.75,38.65,38.56,27614742,1064899155.65,41202,6530426,23.65,IDFCFIRSTB
2022-05-09,EQ,38.6,38.65,37.5,38.65,38.05,37.95,37.92,26623742,1009628944.65,48720,7572536,28.44,IDFCFIRSTB
2022-05-10,EQ,38.15,38.75,37.3,37.95,37.45,37.5,37.95,21250096,806541686.85,42086,6349576,29.88,IDFCFIRSTB
2022-05-11,EQ,37.95,37.95,35.55,37.5,36.8,36.75,36.6,38962535,1425933941.9,63728,10451152,26.82,IDFCFIRSTB
2022-05-12,EQ,36.4,36.45,34.2,36.75,34.9,34.8,35.03,47352639,1658946029.4,82301,16229331,34.27,IDFCFIRSTB
2022-05-13,EQ,35.5,35.85,34.45,34.8,34.65,34.55,35.21,34320610,1208432650.95,53570,9698780,28.26,IDFCFIRSTB
2022-05-16,EQ,35.15,36.0,34.4,34.55,35.9,35.8,35.42,31916991,1130422090.75,43909,8896648,27.87,IDFCFIRSTB
2022-05-17,EQ,35.9,37.05,35.6,35.8,37.0,36.75,36.23,21554073,780832114.3,37652,6213388,28.83,IDFCFIRSTB
2022-05-18,EQ,37.2,37.25,36.35,36.75,36.5,36.45,36.7,17961418,659244787.8,32543,4291426,23.89,IDFCFIRSTB
2022-05-19,EQ,35.55,35.75,34.9,36.45,35.1,35.0,35.21,22051388,776535910.55,39401,7568776,34.32,IDFCFIRSTB
2022-05-20,EQ,35.8,36.3,35.5,35.0,36.0,36.0,35.89,21572280,774212816.3,25551,7343688,34.04,IDFCFIRSTB
2022-05-23,EQ,36.3,36.6,35.45,36.0,35.65,35.65,36.02,26128934,941205149.35,35035,8943589,34.23,IDFCFIRSTB
2022-05-24,EQ,35.85,35.9,34.8,35.65,35.0,35.0,35.22,20678945,728352611.05,28815,6140639,29.7,IDFCFIRSTB
2022-05-25,EQ,35.3,35.35,33.6,35.0,33.75,33.9,34.37,23492970,807337612.8,55088,8388564,35.71,IDFCFIRSTB
2022-05-26,EQ,34.15,34.5,33.05,33.9,34.45,34.3,33.81,28499589,963485718.0,48729,8618978,30.24,IDFCFIRSTB
2022-05-27,EQ,34.8,35.7,34.7,34.3,35.45,35.6,35.38,21749000,769483250.95,31586,6758015,31.07,IDFCFIRSTB
2022-05-30,EQ,36.0,36.55,35.8,35.6,36.45,36.45,36.21,18430364,667291028.2,40819,7295230,39.58,IDFCFIRSTB
2022-05-31,EQ,36.4,37.0,36.05,36.45,36.05,36.3,36.55,17785455,650098323.9,44178,5863316,32.97,IDFCFIRSTB
2022-06-01,EQ,36.2,36.5,35.85,36.3,36.3,36.15,36.22,12958317,469400007.95,32715,3257782,25.14,IDFCFIRSTB
2022-06-02,EQ,36.15,36.45,36.0,36.15,36.3,36.3,36.21,11715930,424292081.9,19780,3233131,27.6,IDFCFIRSTB
2022-06-03,EQ,36.8,36.8,35.2,36.3,35.55,35.35,35.91,14834342,532724928.3,31329,4811785,32.44,IDFCFIRSTB
2022-06-06,EQ,35.5,35.65,34.65,35.35,35.2,35.1,35.05,13959696,489247502.35,26793,3639303,26.07,IDFCFIRSTB
2022-06-07,EQ,35.05,35.15,34.5,35.1,34.8,34.7,34.73,12887671,447629296.1,23857,3395362,26.35,IDFCFIRSTB
2022-06-08,EQ,35.0,35.4,34.5,34.7,34.6,34.6,34.8,15761318,548538916.7,22832,4103569,26.04,IDFCFIRSTB
2022-06-09,EQ,34.45,34.55,34.1,34.6,34.4,34.35,34.31,15607035,535549981.0,23840,4705175,30.15,IDFCFIRSTB
2022-06-10,EQ,34.05,34.2,33.85,34.35,34.15,34.05,34.01,13354242,454139028.1,28278,4641314,34.76,IDFCFIRSTB
2022-06-13,EQ,33.55,33.6,32.65,34.05,33.15,32.9,32.98,22195598,731927541.8,48049,8816005,39.72,IDFCFIRSTB
2022-06-14,EQ,32.9,33.55,32.7,32.9,33.15,32.95,33.05,15187145,501938280.45,27611,3390936,22.33,IDFCFIRSTB
2022-06-15,EQ,33.2,33.4,32.6,32.95,32.7,32.7,32.88,13672546,449544044.7,26636,4298874,31.44,IDFCFIRSTB
2022-06-16,EQ,33.15,33.25,31.45,32.7,31.6,31.65,32.17,21952464,706122082.1,37271,6565829,29.91,IDFCFIRSTB
2022-06-17,EQ,31.65,32.0,30.95,31.65,31.75,31.65,31.54,24509219,772923305.85,35118,6281194,25.63,IDFCFIRSTB
2022-06-20,EQ,31.75,31.75,29.6,31.65,29.95,29.85,30.2,34964209,1055785389.0,53948,13207502,37.77,IDFCFIRSTB
2022-06-21,EQ,30.2,30.55,29.3,29.85,30.45,30.4,29.89,134703188,4026258873.25,86398,60378168,44.82,IDFCFIRSTB
2022-06-22,EQ,30.25,30.25,28.95,30.4,29.1,29.15,29.4,46451428,1365584187.65,64032,12797900,27.55,IDFCFIRSTB
2022-06-23,EQ,29.2,30.8,29.05,29.15,29.75,29.75,30.05,80490397,2418462110.05,67126,26533897,32.97,IDFCFIRSTB
2022-06-24,EQ,30.05,31.35,29.9,29.75,30.95,31.0,30.47,38180241,1163377521.3,34007,9579504,25.09,IDFCFIRSTB
2022-06-27,EQ,31.6,32.4,31.3,31.0,32.15,32.1,31.88,35294191,1125187115.55,45965,6494740,18.4,IDFCFIRSTB
2022-06-28,EQ,32.1,32.15,31.65,32.1,32.0,32.0,31.93,25536769,815439533.7,26102,4140970,16.22,IDFCFIRSTB
2022-06-29,EQ,31.5,31.95,31.2,32.0,31.6,31.65,31.57,33239529,1049506866.15,29630,8645092,26.01,IDFCFIRSTB
2022-06-30,EQ,31.6,31.95,30.95,31.65,31.55,31.45,31.46,34025020,1070373979.0,29298,10081892,29.63,IDFCFIRSTB
2022-07-01,EQ,31.35,32.45,30.6,31.45,32.4,32.25,31.49,38981951,1227593672.0,27272,13292649,34.1,IDFCFIRSTB
2022-07-04,EQ,32.7,34.5,32.6,32.25,34.1,34.05,33.81,54965927,1858543864.8,57066,8903981,16.2,IDFCFIRSTB
2022-07-05,EQ,34.3,34.3,33.25,34.05,33.4,33.45,33.82,23095367,781055519.7,28169,6488337,28.09,IDFCFIRSTB
2022-07-06,EQ,33.5,34.15,33.25,33.45,34.0,34.05,33.76,21353909,720829852.25,23720,4394406,20.58,IDFCFIRSTB
2022-07-07,EQ,34.4,34.45,33.8,34.05,34.35,34.3,34.19,18843760,644310002.8,22086,4276877,22.7,IDFCFIRSTB
2022-07-08,EQ,34.55,34.55,33.55,34.3,33.75,33.75,33.91,15979045,541778326.85,24476,4446570,27.83,IDFCFIRSTB
2022-07-11,EQ,33.6,34.4,33.4,33.75,34.3,34.35,34.09,15034381,512532744.5,21615,4206710,27.98,IDFCFIRSTB
2022-07-12,EQ,34.15,34.35,33.9,34.35,33.95,34.0,34.08,14452426,492534473.0,19367,4319222,29.89,IDFCFIRSTB
2022-07-13,EQ,34.0,34.25,33.75,34.0,33.85,33.9,33.99,10797266,366997355.2,15291,2273597,21.06,IDFCFIRSTB
2022-07-14,EQ,33.9,34.2,33.45,33.9,33.8,33.8,33.79,13243592,447509837.45,18121,2861367,21.61,IDFCFIRSTB
2022-07-15,EQ,33.8,34.1,33.05,33.8,33.4,33.35,33.38,13629015,454927238.9,19921,3496851,25.66,IDFCFIRSTB
2022-07-18,EQ,33.8,34.85,33.55,33.35,34.8,34.8,34.39,22689967,780315387.75,31734,7188375,31.68,IDFCFIRSTB
2022-07-19,EQ,34.3,35.45,34.3,34.8,35.25,35.25,34.92,18134097,633263186.35,23141,4960102,27.35,IDFCFIRSTB
2022-07-20,EQ,35.45,35.85,34.7,35.25,34.9,34.9,35.29,27813217,981597714.05,37082,10967492,39.43,IDFCFIRSTB
2022-07-21,EQ,35.0,36.1,34.8,34.9,35.85,35.75,35.7,21513383,768017366.5,28855,7382700,34.32,IDFCFIRSTB
2022-07-22,EQ,36.1,36.15,35.5,35.75,35.75,35.75,35.82,17178638,615312848.55,25924,4849489,28.23,IDFCFIRSTB
2022-07-25,EQ,35.75,36.1,35.45,35.75,35.95,35.95,35.77,17331544,620002215.8,22624,4675002,26.97,IDFCFIRSTB
2022-07-26,EQ,35.8,36.2,35.55,35.95,35.55,35.65,35.81,12528373,448661784.05,21507,3825777,30.54,IDFCFIRSTB
2022-07-27,EQ,35.6,35.9,35.35,35.65,35.7,35.75,35.7,10262914,366424209.0,18201,3697791,36.03,IDFCFIRSTB
2022-07-28,EQ,36.1,37.15,35.85,35.75,36.6,36.6,36.61,25767185,943427750.8,32333,7374546,28.62,IDFCFIRSTB
2022-07-29,EQ,36.95,37.8,36.75,36.6,37.4,37.55,37.31,27529983,1027113826.7,34654,8945019,32.49,IDFCFIRSTB
2022-08-01,EQ,39.0,42.75,38.5,37.55,42.05,41.95,41.31,181821137,7511266022.35,184993,38592624,21.23,IDFCFIRSTB
2022-08-02,EQ,42.0,43.6,41.95,41.95,43.35,43.4,42.94,93112275,3998211372.15,110996,28909150,31.05,IDFCFIRSTB
2022-08-03,EQ,43.6,43.65,41.9,43.4,43.1,43.15,42.63,59483938,2535536664.7,57348,22485576,37.8,IDFCFIRSTB
2022-08-04,EQ,43.15,44.15,42.3,43.15,42.95,43.05,43.25,48730187,2107472191.65,60295,13092144,26.87,IDFCFIRSTB
2022-08-05,EQ,43.05,44.2,43.0,43.05,43.5,43.4,43.67,42415761,1852261220.25,59092,11892082,28.04,IDFCFIRSTB
2022-08-08,EQ,43.4,45.1,43.3,43.4,44.75,44.65,44.51,60159041,2677478737.8,75329,27419044,45.58,IDFCFIRSTB
2022-08-10,EQ,44.7,44.95,43.7,44.65,44.85,44.8,44.4,52366454,2325072562.95,55945,26945264,51.46,IDFCFIRSTB
2022-08-11,EQ,45.5,45.65,44.4,44.8,45.35,45.25,45.07,58018067,2615096171.2,54273,27267353,47.0,IDFCFIRSTB
2022-08-12,EQ,45.2,45.75,44.85,45.25,45.15,45.1,45.18,36944487,1669182133.75,38987,14978712,40.54,IDFCFIRSTB
2022-08-16,EQ,45.25,45.75,45.0,45.1,45.05,45.1,45.31,26512505,1201164632.0,34664,11899327,44.88,IDFCFIRSTB
2022-08-17,EQ,45.3,46.15,45.1,45.1,45.95,46.0,45.66,32695204,1493004795.95,45056,12775354,39.07,IDFCFIRSTB
2022-08-18,EQ,45.85,46.0,45.15,46.0,45.6,45.5,45.54,26722897,1217001925.75,37360,9491620,35.52,IDFCFIRSTB
2022-08-19,EQ,45.5,45.95,44.45,45.5,44.6,44.65,45.12,31053531,1401189743.25,36304,8473595,27.29,IDFCFIRSTB
2022-08-22,EQ,44.4,44.45,43.45,44.65,43.6,43.65,43.76,21544736,942729792.8,29826,6457219,29.97,IDFCFIRSTB
2022-08-23,EQ,43.05,46.45,43.05,43.65,46.25,46.05,45.25,66535575,3010862299.7,66526,27822952,41.82,IDFCFIRSTB
2022-08-24,EQ,45.6,48.85,45.6,46.05,48.5,48.6,47.78,84936770,4058607017.15,89539,31906055,37.56,IDFCFIRSTB
2022-08-25,EQ,48.9,50.4,48.7,48.6,48.95,48.95,49.56,96561681,4785365223.9,112996,33474351,34.67,IDFCFIRSTB
2022-08-26,EQ,49.55,50.2,48.1,48.95,48.5,48.45,49.03,45123078,2212443209.25,53810,13461672,29.83,IDFCFIRSTB
2022-08-29,EQ,46.05,48.85,46.05,48.45,48.8,48.65,47.86,46097813,2206322787.75,58401,12814197,27.8,IDFCFIRSTB
2022-08-30,EQ,49.0,50.1,48.95,48.65,49.05,49.15,49.36,29760083,1469027721.7,45379,8884619,29.85,IDFCFIRSTB
2022-09-01,EQ,48.9,49.9,48.2,49.15,49.1,49.15,49.13,33861449,1663735507.25,52011,6937968,20.49,IDFCFIRSTB
2022-09-02,EQ,49.5,49.75,48.3,49.15,48.5,48.55,49.03,25664849,1258230280.6,36126,7433002,28.96,IDFCFIRSTB
2022-09-05,EQ,48.55,51.15,48.5,48.55,50.95,50.8,50.25,58675272,2948552266.1,74402,22727845,38.73,IDFCFIRSTB
2022-09-06,EQ,50.95,51.2,49.5,50.8,50.0,49.9,50.12,29092581,1458018070.15,44560,8429510,28.97,IDFCFIRSTB
2022-09-07,EQ,49.6,50.5,49.45,49.9,50.2,50.15,50.05,20287542,1015490363.8,35325,6378151,31.44,IDFCFIRSTB
2022-09-08,EQ,50.65,51.5,50.55,50.15,51.05,51.1,51.07,33864201,1729397103.75,48488,14447371,42.66,IDFCFIRSTB
2022-09-09,EQ,51.4,51.75,50.15,51.1,50.5,50.45,50.79,26219332,1331749452.1,34169,8014702,30.57,IDFCFIRSTB
2022-09-12,EQ,50.85,51.3,50.5,50.45,50.9,50.9,50.87,16322659,830371627.8,28160,6087547,37.3,IDFCFIRSTB
2022-09-13,EQ,50.9,51.25,50.05,50.9,50.4,50.25,50.41,23913590,1205546941.05,37331,10695503,44.73,IDFCFIRSTB
2022-09-14,EQ,49.5,51.25,49.3,50.25,50.75,50.9,50.65,31124056,1576332747.75,43651,10962518,35.22,IDFCFIRSTB
2022-09-15,EQ,51.95,53.75,51.35,50.9,52.8,52.75,52.51,91367074,4797521895.0,139337,30079597,32.92,IDFCFIRSTB
2022-09-16,EQ,52.8,53.25,50.5,52.75,51.15,50.95,51.93,53523230,2779620549.75,78235,16020492,29.93,IDFCFIRSTB
2022-09-19,EQ,51.2,51.95,50.6,50.95,51.1,51.1,51.28,27148661,1392204680.95,37024,6601793,24.32,IDFCFIRSTB
2022-09-20,EQ,51.8,52.05,51.15,51.1,51.3,51.3,51.6,21525908,1110809239.55,33045,7265648,33.75,IDFCFIRSTB
2022-09-21,EQ,51.25,51.55,49.8,51.3,50.65,50.75,50.67,32581017,1650960730.15,39914,10310192,31.64,IDFCFIRSTB
2022-09-22,EQ,50.05,51.5,49.55,50.75,50.6,50.65,50.57,35124060,1776163275.75,47804,7604151,21.65,IDFCFIRSTB
2022-09-23,EQ,50.7,50.8,48.15,50.65,48.7,48.7,49.09,39344669,1931457348.85,56942,14963690,38.03,IDFCFIRSTB
2022-09-26,EQ,47.8,48.15,46.5,48.7,47.35,47.25,47.35,42301788,2002832587.8,58580,11592084,27.4,IDFCFIRSTB
2022-09-27,EQ,47.3,48.5,47.05,47.25,47.45,47.45,47.77,27424994,1310001351.1,41042,6602208,24.07,IDFCFIRSTB
2022-09-28,EQ,47.1,47.5,46.2,47.45,46.45,46.7,46.89,29974165,1405485696.65,43277,8071267,26.93,IDFCFIRSTB
2022-09-29,EQ,47.5,48.0,46.85,46.7,47.85,47.75,47.39,30349292,1438143512.65,42786,7313902,24.1,IDFCFIRSTB
2022-09-30,EQ,47.85,50.0,47.1,47.75,50.0,49.85,48.88,41332994,2020230856.0,54259,13102289,31.7,IDFCFIRSTB
2022-10-03,EQ,49.85,51.25,49.05,49.85,49.5,49.35,50.15,42193449,2116111466.6,54112,10996734,26.06,IDFCFIRSTB
2022-10-04,EQ,51.2,54.15,50.95,49.35,53.35,53.2,53.12,126647554,6727809384.95,144024,43463273,34.32,IDFCFIRSTB
2022-10-06,EQ,53.85,55.15,53.4,53.2,54.3,54.3,54.39,53896596,2931434104.3,91800,18496572,34.32,IDFCFIRSTB
2022-10-07,EQ,54.25,54.25,51.9,54.3,53.0,53.0,52.74,50888550,2684084067.0,69410,12889575,25.33,IDFCFIRSTB
2022-10-10,EQ,51.5,54.4,51.3,53.0,53.85,53.75,53.17,47420772,2521289910.9,55894,9100247,19.19,IDFCFIRSTB
2022-10-11,EQ,54.0,54.5,52.9,53.75,52.9,53.1,53.72,37879776,2034794714.6,48655,8628528,22.78,IDFCFIRSTB
2022-10-12,EQ,53.1,55.45,52.7,53.1,55.15,55.1,54.42,64723442,3522559073.1,83383,19093356,29.5,IDFCFIRSTB
2022-10-13,EQ,55.3,55.4,53.65,55.1,54.35,54.45,54.46,41923792,2283275991.9,49769,8809476,21.01,IDFCFIRSTB
2022-10-14,EQ,55.8,56.0,54.1,54.45,54.4,54.3,54.95,37079387,2037519706.75,53822,10289255,27.75,IDFCFIRSTB
2022-10-17,EQ,54.5,55.95,53.8,54.3,55.85,55.75,55.32,43526119,2407710979.3,65502,11898545,27.34,IDFCFIRSTB
2022-10-18,EQ,56.2,56.5,55.35,55.75,56.45,56.4,56.15,44417062,2494059189.6,70575,15017141,33.81,IDFCFIRSTB
2022-10-19,EQ,56.5,57.65,56.4,56.4,57.05,57.1,57.16,47776029,2730836459.5,79919,13705478,28.69,IDFCFIRSTB
2022-10-20,EQ,56.75,57.35,55.95,57.1,56.8,56.8,56.68,42345671,2400218710.8,60065,10767814,25.43,IDFCFIRSTB
2022-10-21,EQ,57.1,58.1,56.8,56.8,57.35,57.3,57.35,45833930,2628458009.1,72806,12739820,27.8,IDFCFIRSTB
2022-10-24,EQ,59.0,59.45,58.0,57.3,58.45,58.4,58.44,32857762,1920209039.3,91256,15762969,47.97,IDFCFIRSTB
2022-10-25,EQ,58.4,58.4,56.35,58.4,56.5,56.5,56.86,56648342,3221286202.7,97534,17890396,31.58,IDFCFIRSTB
2022-10-27,EQ,57.0,57.2,56.0,56.5,56.85,56.8,56.68,39092776,2215843997.65,61285,10058487,25.73,IDFCFIRSTB
2022-10-28,EQ,57.1,57.25,55.5,56.8,56.05,55.8,56.19,34477195,1937366201.15,59903,11214673,32.53,IDFCFIRSTB
2022-10-31,EQ,56.2,56.6,55.6,55.8,56.2,56.1,56.05,30771336,1724871817.7,51753,10602336,34.46,IDFCFIRSTB
2022-11-01,EQ,56.4,56.6,55.6,56.1,55.7,55.7,56.1,28557648,1602079389.5,53845,11502149,40.28,IDFCFIRSTB
2022-11-02,EQ,55.75,56.2,55.1,55.7,55.2,55.35,55.65,35860924,1995602102.6,61310,12748573,35.55,IDFCFIRSTB
2022-11-03,EQ,55.05,57.65,54.8,55.35,57.25,57.2,56.99,59548263,3393454641.4,79591,20786595,34.91,IDFCFIRSTB
2022-11-04,EQ,57.25,57.65,56.8,57.2,57.2,57.15,57.13,29045358,1659495640.45,53789,7892395,27.17,IDFCFIRSTB
2022-11-07,EQ,57.25,58.15,56.85,57.15,57.3,57.3,57.42,35488244,2037742381.15,58079,12726710,35.86,IDFCFIRSTB
2022-11-09,EQ,57.3,58.15,57.15,57.3,57.35,57.4,57.61,42320305,2438056898.95,72241,15057511,35.58,IDFCFIRSTB
2022-11-10,EQ,57.4,58.5,57.2,57.4,57.65,57.6,57.68,38630995,2228277174.6,54020,9588155,24.82,IDFCFIRSTB
2022-11-11,EQ,58.3,58.5,57.45,57.6,57.5,57.55,57.84,29854417,1726699177.95,46218,7681814,25.73,IDFCFIRSTB
2022-11-14,EQ,57.75,57.8,57.05,57.55,57.4,57.45,57.44,19385413,1113418350.45,44615,6810207,35.13,IDFCFIRSTB
2022-11-15,EQ,57.5,57.7,56.7,57.45,57.35,57.15,57.07,22378138,1277100200.5,41502,6343326,28.35,IDFCFIRSTB
2022-11-16,EQ,57.2,58.1,56.45,57.15,56.95,57.1,57.21,32237531,1844318028.6,52580,10191672,31.61,IDFCFIRSTB
2022-11-17,EQ,57.05,57.1,55.8,57.1,56.25,56.3,56.29,25110504,1413518098.65,43504,6423611,25.58,IDFCFIRSTB
2022-11-18,EQ,56.3,56.45,55.45,56.3,55.8,55.85,55.89,21131065,1180989489.95,41225,6128963,29.0,IDFCFIRSTB
2022-11-21,EQ,55.7,56.5,55.55,55.85,56.4,56.35,56.1,20155600,1130751062.8,36185,5342218,26.5,IDFCFIRSTB
2022-11-22,EQ,56.35,56.95,56.05,56.35,56.75,56.8,56.62,16197800,917106884.5,28894,4508249,27.83,IDFCFIRSTB
2022-11-23,EQ,57.1,57.3,56.8,56.8,56.9,57.0,57.03,16313120,930395033.1,30853,5342072,32.75,IDFCFIRSTB
2022-11-24,EQ,57.0,57.6,56.7,57.0,56.75,56.8,57.07,17361595,990804116.7,26071,4772625,27.49,IDFCFIRSTB
2022-11-25,EQ,56.9,59.2,56.75,56.8,58.1,58.05,58.15,41481080,2412099930.5,56518,15709470,37.87,IDFCFIRSTB
2022-11-28,EQ,58.05,59.7,57.65,58.05,58.75,58.8,58.71,39638632,2327280182.15,67107,12125621,30.59,IDFCFIRSTB
2022-11-29,EQ,59.0,59.5,57.9,58.8,57.95,58.0,58.39,26139041,1526305507.65,45933,10952585,41.9,IDFCFIRSTB
2022-11-30,EQ,58.25,58.7,57.9,58.0,58.5,58.6,58.37,20210615,1179610419.0,59011,8278856,40.96,IDFCFIRSTB
2022-12-01,EQ,58.75,59.6,58.35,58.6,58.8,58.75,58.96,33163853,1955359331.0,71051,11515183,34.72,IDFCFIRSTB
2022-12-02,EQ,58.7,59.35,58.55,58.75,59.1,59.0,58.98,27305887,1610555736.15,42942,9744393,35.69,IDFCFIRSTB
2022-12-05,EQ,59.3,61.2,58.9,59.0,60.35,60.4,60.45,60123157,3634490686.65,101434,15282140,25.42,IDFCFIRSTB
2022-12-06,EQ,60.4,61.1,60.05,60.4,60.25,60.35,60.55,37465596,2268420104.5,61918,13675704,36.5,IDFCFIRSTB
2022-12-07,EQ,60.35,60.9,59.15,60.35,59.25,59.3,59.84,32861793,1966439083.25,65177,10451122,31.8,IDFCFIRSTB
2022-12-08,EQ,59.3,60.05,59.2,59.3,59.9,59.7,59.58,23224441,1383692884.9,60355,7803182,33.6,IDFCFIRSTB
2022-12-09,EQ,60.2,60.4,57.9,59.7,58.7,58.6,59.15,33371203,1973924709.85,53777,10398318,31.16,IDFCFIRSTB
2022-12-12,EQ,58.65,59.25,57.65,58.6,59.15,59.1,58.61,19725963,1156070199.2,44673,5211001,26.42,IDFCFIRSTB
2022-12-13,EQ,59.2,60.3,59.2,59.1,60.2,60.15,59.8,26880905,1607386562.25,61627,9081517,33.78,IDFCFIRSTB
2022-12-14,EQ,60.5,63.2,60.0,60.15,62.65,62.7,62.0,84343663,5229472354.05,126473,24968424,29.6,IDFCFIRSTB
2022-12-15,EQ,63.0,64.3,62.35,62.7,62.55,62.6,63.43,72230847,4581770991.35,128701,20662436,28.61,IDFCFIRSTB
2022-12-16,EQ,62.1,63.0,61.2,62.6,61.95,61.95,62.02,39089164,2424463537.35,74497,10425097,26.67,IDFCFIRSTB
2022-12-19,EQ,62.25,62.7,61.35,61.95,62.65,62.5,62.1,23508086,1459798836.8,56689,6206711,26.4,IDFCFIRSTB
2022-12-20,EQ,62.75,62.75,60.5,62.5,61.5,61.45,61.34,30569636,1874992089.5,59027,8189406,26.79,IDFCFIRSTB
2022-12-21,EQ,61.75,62.0,58.7,61.45,58.85,58.95,60.13,36730533,2208666305.05,59283,11898638,32.39,IDFCFIRSTB
2022-12-22,EQ,59.4,59.6,56.3,58.95,56.85,56.95,57.32,53775906,3082661575.5,86023,20050652,37.29,IDFCFIRSTB
2022-12-23,EQ,56.1,56.6,52.45,56.95,53.1,53.0,54.07,62775042,3394504893.7,95216,24376519,38.83,IDFCFIRSTB
2022-12-26,EQ,53.0,56.15,52.3,53.0,55.65,55.65,54.65,54697186,2989440366.3,94267,17058139,31.19,IDFCFIRSTB
2022-12-27,EQ,56.2,56.55,54.95,55.65,55.95,55.95,55.74,39445196,2198492444.15,95902,11266874,28.56,IDFCFIRSTB
2022-12-28,EQ,56.0,56.4,55.35,55.95,55.75,55.85,55.83,28870928,1611767963.6,44369,8258090,28.6,IDFCFIRSTB
2022-12-29,EQ,55.6,58.9,54.8,55.85,57.3,56.75,56.09,51604303,2894525267.85,78215,19581377,37.95,IDFCFIRSTB
2022-12-30,EQ,57.55,59.5,57.2,56.75,58.85,58.8,58.46,55516065,3245500542.2,72268,13468057,24.26,IDFCFIRSTB
2023-01-02,EQ,58.5,61.5,58.25,58.8,61.25,61.15,60.64,51505940,3123318723.25,95024,13318610,25.86,IDFCFIRSTB
2023-01-03,EQ,61.5,61.65,60.5,61.15,61.35,61.35,61.14,38946801,2381184425.65,59630,12432305,31.92,IDFCFIRSTB
2023-01-04,EQ,61.35,61.7,59.5,61.35,60.2,60.2,60.38,28996108,1750913469.8,57864,7621604,26.28,IDFCFIRSTB
2023-01-05,EQ,60.55,60.8,59.3,60.2,60.4,60.35,60.06,25828441,1551281863.85,67614,6528883,25.28,IDFCFIRSTB
2023-01-06,EQ,60.6,60.8,59.05,60.35,59.5,59.5,59.69,23389760,1396219480.15,39447,6448899,27.57,IDFCFIRSTB
2023-01-09,EQ,60.0,60.35,59.35,59.5,59.6,59.7,59.89,19607384,1174258612.2,44950,5323144,27.15,IDFCFIRSTB
2023-01-10,EQ,59.7,59.8,58.35,59.7,58.75,58.8,58.94,19429029,1145205717.7,47446,6071936,31.25,IDFCFIRSTB
2023-01-11,EQ,58.8,60.05,58.2,58.8,59.7,59.8,59.29,18356979,1088397188.75,45520,4877350,26.57,IDFCFIRSTB
2023-01-12,EQ,60.0,60.35,59.1,59.8,59.55,59.6,59.7,23202901,1385218550.15,45897,5359317,23.1,IDFCFIRSTB
2023-01-13,EQ,59.9,60.45,59.45,59.6,60.15,60.2,60.06,22266548,1337323115.6,35480,6074654,27.28,IDFCFIRSTB
2023-01-16,EQ,60.45,61.2,60.25,60.2,60.6,60.55,60.74,28271421,1717287269.8,46432,7519722,26.6,IDFCFIRSTB
2023-01-17,EQ,60.75,60.75,58.4,60.55,59.3,59.2,59.39,29070697,1726373258.95,48087,8665103,29.81,IDFCFIRSTB
2023-01-18,EQ,59.45,59.85,59.0,59.2,59.3,59.3,59.43,15547909,923961727.55,30944,4720445,30.36,IDFCFIRSTB
2023-01-19,EQ,58.95,59.6,58.75,59.3,59.45,59.4,59.18,13131866,777194463.9,30836,3387911,25.8,IDFCFIRSTB
2023-01-20,EQ,59.35,60.25,59.2,59.4,59.45,59.35,59.72,19902180,1188611619.9,34411,6719531,33.76,IDFCFIRSTB
2023-01-23,EQ,61.5,61.85,59.0,59.35,59.25,59.3,59.91,58550580,3508012031.05,91476,19309988,32.98,IDFCFIRSTB
2023-01-24,EQ,59.3,59.65,58.6,59.3,58.65,58.8,59.09,17770730,1049993676.25,50168,6965025,39.19,IDFCFIRSTB
2023-01-25,EQ,58.8,58.8,56.7,58.8,57.15,56.9,57.38,29346045,1684015185.5,69397,10785261,36.75,IDFCFIRSTB
2023-01-27,EQ,57.5,57.65,54.2,56.9,56.0,55.7,55.67,40692202,2265331063.0,73827,13961515,34.31,IDFCFIRSTB
2023-01-30,EQ,55.45,57.5,54.7,55.7,56.4,56.4,56.3,29977488,1687650837.65,57431,7671063,25.59,IDFCFIRSTB
2023-01-31,EQ,56.75,58.5,56.25,56.4,58.35,58.2,57.69,31753859,1831928171.4,46775,14108981,44.43,IDFCFIRSTB
2023-02-01,EQ,58.95,59.75,55.05,58.2,56.55,56.5,57.97,40879663,2369995387.45,67812,12449246,30.45,IDFCFIRSTB
2023-02-02,EQ,57.0,59.8,56.8,56.5,59.7,59.6,58.83,61949943,3644762367.5,82093,16936997,27.34,IDFCFIRSTB
2023-02-03,EQ,60.0,60.15,57.55,59.6,58.85,58.8,58.69,32921777,1932273056.75,46907,7414813,22.52,IDFCFIRSTB
2023-02-06,EQ,59.0,60.35,58.8,58.8,59.65,59.75,59.77,29353628,1754332577.15,52554,10533542,35.88,IDFCFIRSTB
2023-02-07,EQ,59.9,60.15,59.1,59.75,59.85,59.9,59.73,27073089,1617159039.6,52110,11724295,43.31,IDFCFIRSTB
2023-02-08,EQ,59.45,60.25,59.4,59.9,59.5,59.5,59.73,21390443,1277656064.2,32382,7749761,36.23,IDFCFIRSTB
2023-02-09,EQ,59.7,59.7,58.2,59.5,58.85,58.75,58.61,17445192,1022544487.2,33199,5828275,33.41,IDFCFIRSTB
2023-02-10,EQ,58.7,59.05,57.85,58.75,58.2,58.1,58.32,17298126,1008870700.45,37628,6581560,38.05,IDFCFIRSTB
2023-02-13,EQ,58.1,58.25,57.15,58.1,57.45,57.45,57.56,20135551,1159100725.3,44747,8172562,40.59,IDFCFIRSTB
2023-02-14,EQ,57.45,57.6,56.5,57.45,57.1,57.25,56.95,17828666,1015292080.75,37432,6478865,36.34,IDFCFIRSTB
2023-02-15,EQ,57.0,57.6,56.8,57.25,57.6,57.5,57.18,17237521,985638941.7,38772,6438132,37.35,IDFCFIRSTB
2023-02-16,EQ,57.8,57.8,56.9,57.5,56.95,57.0,57.29,16901709,968330424.15,39812,7205008,42.63,IDFCFIRSTB
2023-02-17,EQ,56.9,57.0,55.7,57.0,55.8,55.9,56.21,18757195,1054283565.0,48876,8630202,46.01,IDFCFIRSTB
2023-02-20,EQ,56.0,56.1,54.8,55.9,54.9,55.0,55.23,22030126,1216631983.25,54446,9077154,41.2,IDFCFIRSTB
2023-02-21,EQ,55.15,55.25,54.05,55.0,54.6,54.6,54.62,24268699,1325655517.6,53428,9673618,39.86,IDFCFIRSTB
2023-02-22,EQ,54.4,54.45,53.2,54.6,53.3,53.4,53.73,25387270,1364015866.3,53632,11658794,45.92,IDFCFIRSTB
2023-02-23,EQ,53.5,54.45,53.0,53.4,54.05,53.75,53.92,40993719,2210366569.95,56170,16735547,40.82,IDFCFIRSTB
2023-02-24,EQ,54.15,55.05,54.05,53.75,54.45,54.3,54.55,26667699,1454770861.8,41508,9536751,35.76,IDFCFIRSTB
2023-02-27,EQ,54.25,54.65,53.85,54.3,54.4,54.4,54.29,16776470,910736589.9,29014,3901405,23.26,IDFCFIRSTB
2023-02-28,EQ,54.55,55.5,54.1,54.4,55.2,55.15,55.05,25579480,1408161507.2,38096,9127780,35.68,IDFCFIRSTB
2023-03-01,EQ,55.25,56.25,55.15,55.15,55.7,55.7,55.75,17589664,980575267.75,42091,6792611,38.62,IDFCFIRSTB
2023-03-02,EQ,55.7,56.45,55.05,55.7,55.15,55.15,55.82,25302931,1412296160.85,54130,9322804,36.84,IDFCFIRSTB
2023-03-03,EQ,55.6,56.75,55.55,55.15,56.35,56.4,56.28,25512205,1435773210.95,36390,9384728,36.79,IDFCFIRSTB
2023-03-06,EQ,56.7,57.85,56.55,56.4,57.2,57.15,57.3,30200876,1730387775.55,50046,10958990,36.29,IDFCFIRSTB
2023-03-08,EQ,57.1,58.1,56.5,57.15,57.75,57.65,57.38,30672621,1760084393.8,41423,10683437,34.83,IDFCFIRSTB
2023-03-09,EQ,57.8,57.85,57.0,57.65,57.05,57.2,57.45,15449160,887559316.6,25232,5886231,38.1,IDFCFIRSTB
2023-03-10,EQ,56.8,56.85,55.8,57.2,56.2,56.1,56.17,17833800,1001739325.55,38143,6174252,34.62,IDFCFIRSTB
2023-03-13,EQ,55.95,56.3,54.55,56.1,54.8,54.75,55.28,20976044,1159557641.25,47205,6980824,33.28,IDFCFIRSTB
2023-03-14,EQ,54.8,55.2,54.2,54.75,54.8,54.8,54.76,18978401,1039162765.4,34480,5662511,29.84,IDFCFIRSTB
2023-03-15,EQ,55.65,56.45,54.6,54.8,54.9,54.75,55.68,31109683,1732284867.9,48269,11250497,36.16,IDFCFIRSTB
2023-03-16,EQ,54.6,55.7,53.9,54.75,55.45,55.35,54.86,27896428,1530474151.0,36386,8649995,31.01,IDFCFIRSTB
2023-03-17,EQ,55.85,56.15,54.85,55.35,55.3,55.2,55.36,21226200,1175067710.7,31782,8417045,39.65,IDFCFIRSTB
2023-03-20,EQ,55.15,55.35,53.6,55.2,54.35,54.3,54.15,16124821,873177936.5,40331,5909462,36.65,IDFCFIRSTB
2023-03-21,EQ,54.6,55.9,54.55,54.3,55.75,55.7,55.27,20186435,1115752927.1,39330,7095810,35.15,IDFCFIRSTB
2023-03-22,EQ,56.0,56.6,55.75,55.7,56.1,56.1,56.17,15285261,858507165.0,26981,3810237,24.93,IDFCFIRSTB
2023-03-23,EQ,55.65,56.1,54.95,56.1,55.25,55.1,55.57,12078965,671212000.5,26719,3859916,31.96,IDFCFIRSTB
2023-03-24,EQ,55.1,56.05,53.9,55.1,54.0,54.1,54.95,24352812,1338204139.8,36472,7430188,30.51,IDFCFIRSTB
2023-03-27,EQ,53.85,54.0,52.8,54.1,53.0,53.05,53.38,21905394,1169327903.0,37713,6453337,29.46,IDFCFIRSTB
2023-03-28,EQ,53.15,53.35,52.1,53.05,52.65,52.75,52.73,18691013,985486132.25,32772,7023426,37.58,IDFCFIRSTB
2023-03-29,EQ,52.85,54.95,52.45,52.75,54.75,54.5,53.88,26709018,1439133379.65,38392,10556366,39.52,IDFCFIRSTB
2023-03-31,EQ,54.95,55.6,54.8,54.5,55.0,55.05,55.25,19857237,1097204999.25,41722,7564938,38.1,IDFCFIRSTB
2023-04-03,EQ,55.2,55.6,54.6,55.05,55.6,55.55,55.26,15206162,840322439.35,29834,5260728,34.6,IDFCFIRSTB
2023-04-05,EQ,55.85,55.85,54.5,55.55,55.0,54.9,54.94,17115146,940230002.05,44866,6307855,36.86,IDFCFIRSTB
2023-04-06,EQ,54.8,55.7,54.55,54.9,55.0,55.05,55.2,16590924,915788459.75,30502,5782720,34.85,IDFCFIRSTB
2023-04-10,EQ,55.0,55.1,53.95,55.05,54.3,54.1,54.34,19205321,1043547749.65,41728,7933845,41.31,IDFCFIRSTB
2023-04-11,EQ,54.4,54.6,53.55,54.1,53.75,53.7,53.99,19245739,1039042287.45,38144,7919480,41.15,IDFCFIRSTB
2023-04-12,EQ,54.0,54.2,53.35,53.7,53.9,53.85,53.73,14012737,752941662.2,29089,4558861,32.53,IDFCFIRSTB
2023-04-13,EQ,54.0,54.2,53.4,53.85,54.05,54.0,53.84,15813167,851314387.25,33084,6294798,39.81,IDFCFIRSTB
2023-04-17,EQ,54.35,55.25,53.9,54.0,55.15,55.15,54.6,18975863,1035987654.65,32015,7065190,37.23,IDFCFIRSTB
2023-04-18,EQ,55.15,57.25,55.1,55.15,56.5,56.5,56.48,40565647,2291265490.9,54790,14215547,35.04,IDFCFIRSTB
2023-04-19,EQ,56.85,57.25,56.2,56.5,56.3,56.35,56.66,16705166,946545168.15,35027,5596316,33.5,IDFCFIRSTB
2023-04-20,EQ,56.55,57.45,56.05,56.35,56.4,56.4,56.75,33469016,1899310273.1,42681,13618019,40.69,IDFCFIRSTB
2023-04-21,EQ,56.4,56.85,56.0,56.4,56.5,56.45,56.4,17566797,990792211.55,25814,6657533,37.9,IDFCFIRSTB
2023-04-24,EQ,56.7,58.35,56.45,56.45,58.3,58.25,57.82,38025412,2198815068.85,52749,13836413,36.39,IDFCFIRSTB
2023-04-25,EQ,58.45,59.1,58.2,58.25,58.5,58.65,58.74,35248726,2070537259.55,49189,13076517,37.1,IDFCFIRSTB
2023-04-26,EQ,58.65,59.15,58.15,58.65,58.95,58.9,58.76,21479662,1262072757.35,34836,7586685,35.32,IDFCFIRSTB
2023-04-27,EQ,58.7,59.85,58.7,58.9,59.6,59.45,59.46,26335870,1566029289.15,42410,8918589,33.86,IDFCFIRSTB
2023-04-28,EQ,60.0,62.0,58.75,59.45,62.0,61.45,60.77,67480695,4101086065.95,81069,28239242,41.85,IDFCFIRSTB
2023-05-02,EQ,63.5,65.25,63.0,61.45,63.85,63.85,64.06,113585859,7276510953.0,161867,34266897,30.17,IDFCFIRSTB
2023-05-03,EQ,63.8,64.95,63.35,63.85,64.2,64.15,64.3,39815830,2559962153.7,71044,15615030,39.22,IDFCFIRSTB
2023-05-04,EQ,64.2,64.55,63.0,64.15,63.7,63.8,63.67,33370552,2124867833.6,63375,12416165,37.21,IDFCFIRSTB
2023-05-05,EQ,63.6,64.55,63.0,63.8,63.25,63.25,63.78,35788410,2282686480.8,55231,9823495,27.45,IDFCFIRSTB
2023-05-08,EQ,63.25,64.35,63.1,63.25,64.3,64.2,63.92,36532398,2335169384.45,50441,16566679,45.35,IDFCFIRSTB
2023-05-09,EQ,64.25,65.85,64.1,64.2,64.45,64.45,65.11,56610570,3685795562.85,84419,21281315,37.59,IDFCFIRSTB
2023-05-10,EQ,64.6,64.7,63.0,64.45,63.95,64.05,63.8,20934716,1335698851.15,41199,6690419,31.96,IDFCFIRSTB
2023-05-11,EQ,64.3,65.1,64.05,64.05,64.85,64.8,64.75,30002815,1942620812.15,44158,14363310,47.87,IDFCFIRSTB
2023-05-12,EQ,64.8,65.85,64.35,64.8,65.75,65.55,65.19,32957739,2148669009.55,55056,16425835,49.84,IDFCFIRSTB
2023-05-15,EQ,65.75,67.25,65.25,65.55,66.9,66.75,66.55,43571601,2899897505.45,71963,16200611,37.18,IDFCFIRSTB
2023-05-16,EQ,67.05,68.2,66.9,66.75,67.4,67.4,67.68,42836803,2899316527.7,65952,16483794,38.48,IDFCFIRSTB
2023-05-17,EQ,67.4,67.6,66.2,67.4,67.15,66.95,66.83,33520067,2240148942.25,62732,13141850,39.21,IDFCFIRSTB
2023-05-18,EQ,67.2,67.8,66.5,66.95,66.65,66.7,67.21,28449421,1912135756.35,53325,9313163,32.74,IDFCFIRSTB
2023-05-19,EQ,66.95,67.15,65.65,66.7,66.75,66.8,66.4,19419804,1289556409.05,36636,6524759,33.6,IDFCFIRSTB
2023-05-22,EQ,66.9,67.1,66.1,66.8,66.4,66.4,66.42,14673852,974617160.55,34829,4439078,30.25,IDFCFIRSTB
2023-05-23,EQ,66.5,66.65,66.0,66.4,66.1,66.05,66.29,13617230,902726032.25,27154,4664574,34.25,IDFCFIRSTB
2023-05-24,EQ,66.0,66.2,65.6,66.05,66.15,66.0,65.87,13233287,871653715.0,32322,4792160,36.21,IDFCFIRSTB
2023-05-25,EQ,66.0,68.1,65.85,66.0,68.05,68.0,67.36,32270687,2173708507.95,65862,11784961,36.52,IDFCFIRSTB
2023-05-26,EQ,68.35,70.0,68.1,68.0,69.65,69.85,69.38,45050454,3125571527.65,77605,15562007,34.54,IDFCFIRSTB
2023-05-29,EQ,70.5,70.8,69.6,69.85,70.2,70.15,70.14,30903068,2167558188.45,70989,12377361,40.05,IDFCFIRSTB
2023-05-30,EQ,70.2,71.85,70.0,70.15,71.55,71.65,71.33,32919579,2348262618.85,61367,11768323,35.75,IDFCFIRSTB
2023-05-31,EQ,71.7,72.0,70.5,71.65,71.95,71.65,71.26,25124618,1790479329.55,61684,10482672,41.72,IDFCFIRSTB
2023-06-01,EQ,71.5,73.4,71.25,71.65,72.6,72.6,72.57,38796472,2815515690.25,88128,13662445,35.22,IDFCFIRSTB
2023-06-02,EQ,73.15,73.25,72.5,72.6,72.7,72.9,72.86,22721246,1655443475.75,58654,10426819,45.89,IDFCFIRSTB
2023-06-05,EQ,73.6,74.1,73.05,72.9,73.7,73.7,73.7,29709631,2189487342.9,70844,13731370,46.22,IDFCFIRSTB
2023-06-06,EQ,73.95,74.15,73.05,73.7,73.85,73.8,73.69,24524411,1807255247.05,149412,8579348,34.98,IDFCFIRSTB
2023-06-07,EQ,74.0,74.25,73.3,73.8,73.55,73.6,73.9,17304251,1278740932.25,56604,7157717,41.36,IDFCFIRSTB
2023-06-08,EQ,73.6,73.9,72.05,73.6,72.3,72.2,72.87,28757809,2095498843.15,73388,9999173,34.77,IDFCFIRSTB
2023-06-09,EQ,72.35,72.9,71.45,72.2,71.65,71.7,72.24,17742518,1281646640.05,47215,6770674,38.16,IDFCFIRSTB
2023-06-12,EQ,71.8,73.05,70.85,71.7,72.9,72.8,72.09,21006740,1514313838.3,51995,7770587,36.99,IDFCFIRSTB
2023-06-13,EQ,73.2,75.0,73.0,72.8,74.85,74.8,74.31,44054805,3273643076.05,55854,21891878,49.69,IDFCFIRSTB
2023-06-14,EQ,75.25,76.9,74.95,74.8,76.65,76.75,76.27,50922815,3883641833.25,77826,23708821,46.56,IDFCFIRSTB
2023-06-15,EQ,76.9,79.9,76.3,76.75,79.0,79.0,78.82,71417373,5629194607.35,187540,24201739,33.89,IDFCFIRSTB
2023-06-16,EQ,79.5,82.35,79.25,79.0,81.0,81.7,80.93,60784532,4919169997.35,151478,23817834,39.18,IDFCFIRSTB
2023-06-19,EQ,82.0,84.5,80.2,81.7,81.65,81.3,82.7,82330493,6808680166.9,159768,26220162,31.85,IDFCFIRSTB
2023-06-20,EQ,81.75,83.15,81.4,81.3,83.05,82.8,82.24,46126349,3793402155.25,107005,14886889,32.27,IDFCFIRSTB
2023-06-21,EQ,83.1,84.35,81.5,82.8,82.2,82.2,82.47,44526728,3672043585.25,85974,15161744,34.05,IDFCFIRSTB
2023-06-22,EQ,81.9,82.0,77.3,82.2,77.85,77.6,78.65,85854307,6752424136.1,238325,28808789,33.56,IDFCFIRSTB
2023-06-23,EQ,77.6,79.15,75.55,77.6,77.65,77.75,77.63,56849916,4413317477.5,123129,14496359,25.5,IDFCFIRSTB
2023-06-26,EQ,77.9,78.25,76.45,77.75,78.15,77.75,77.2,30737311,2372858489.6,78736,9122461,29.68,IDFCFIRSTB
2023-06-27,EQ,78.1,79.6,77.95,77.75,78.0,78.25,78.7,37226897,2929657625.5,65851,12223437,32.83,IDFCFIRSTB
2023-06-28,EQ,78.95,80.1,77.5,78.25,79.8,79.7,78.91,50780871,4007240808.85,92086,20230527,39.84,IDFCFIRSTB
2023-06-30,EQ,80.05,81.45,79.25,79.7,79.6,79.4,80.19,45626525,3658693879.75,95743,17407894,38.15,IDFCFIRSTB
2023-07-03,EQ,79.95,82.1,79.9,79.4,81.7,81.95,81.26,41722855,3390521339.1,99574,13753791,32.96,IDFCFIRSTB
2023-07-04,EQ,81.5,81.5,77.05,81.95,78.7,78.65,78.59,123645833,9717671061.45,238657,43191141,34.93,IDFCFIRSTB
2023-07-05,EQ,78.5,81.45,78.0,78.65,80.3,80.35,80.35,74563754,5991518949.35,133837,25987956,34.85,IDFCFIRSTB
2023-07-06,EQ,80.35,81.1,79.7,80.35,80.4,80.5,80.39,45178598,3632016091.3,114896,17574310,38.9,IDFCFIRSTB
2023-07-07,EQ,80.5,80.8,79.05,80.5,79.9,79.7,79.77,27805119,2218023789.85,138190,9450801,33.99,IDFCFIRSTB
2023-07-10,EQ,80.2,80.2,78.85,79.7,79.3,79.25,79.35,23509603,1865567223.6,68090,9505496,40.43,IDFCFIRSTB
2023-07-11,EQ,79.55,83.0,79.5,79.25,83.0,82.8,81.88,61675220,5050099845.65,113842,24088042,39.06,IDFCFIRSTB
2023-07-12,EQ,83.3,84.4,82.85,82.8,82.95,83.1,83.62,44600443,3729522541.75,106221,15007154,33.65,IDFCFIRSTB
2023-07-13,EQ,83.5,83.65,81.1,83.1,81.75,81.35,82.36,31808815,2619700594.85,117759,10005103,31.45,IDFCFIRSTB
2023-07-14,EQ,81.8,82.75,81.2,81.35,82.4,82.5,81.96,23195358,1901167503.95,83384,7024710,30.28,IDFCFIRSTB
2023-07-17,EQ,82.55,82.7,81.25,82.5,81.8,81.7,81.78,20735946,1695848712.65,90568,7739075,37.32,IDFCFIRSTB
2023-07-18,EQ,82.15,82.4,80.55,81.7,81.2,81.1,81.53,26356687,2148940380.6,68041,11077535,42.03,IDFCFIRSTB
2023-07-19,EQ,81.45,82.2,80.6,81.1,81.8,81.8,81.53,35963042,2932150314.85,65463,15497631,43.09,IDFCFIRSTB
2023-07-20,EQ,81.75,81.8,80.9,81.8,81.5,81.4,81.36,22078998,1796358507.0,81730,7479848,33.88,IDFCFIRSTB
2023-07-21,EQ,81.45,83.15,81.0,81.4,83.0,82.85,82.54,33765456,2787031142.5,64637,15254342,45.18,IDFCFIRSTB
2023-07-24,EQ,83.4,85.5,83.1,82.85,83.65,83.7,84.38,52748590,4450905094.35,107613,20762984,39.36,IDFCFIRSTB
2023-07-25,EQ,84.05,84.3,82.6,83.7,83.15,83.05,83.32,27648977,2303734086.1,65673,12275679,44.4,IDFCFIRSTB
2023-07-26,EQ,83.15,84.8,83.1,83.05,84.55,84.65,84.04,35416467,2976496285.1,70455,15641899,44.17,IDFCFIRSTB
2023-07-27,EQ,85.45,86.1,82.05,84.65,82.95,82.55,83.82,57037266,4780930867.25,119556,18540467,32.51,IDFCFIRSTB
2023-07-28,EQ,83.0,84.15,82.55,82.55,83.95,83.95,83.55,31513904,2632986651.55,76968,13049591,41.41,IDFCFIRSTB
2023-07-31,EQ,85.5,88.3,84.05,83.95,87.25,87.2,86.37,101482338,8765516532.65,183628,36221796,35.69,IDFCFIRSTB
2023-08-01,EQ,87.65,89.45,87.5,87.2,88.5,88.5,88.39,44063991,3894914298.9,185123,15409289,34.97,IDFCFIRSTB
2023-08-02,EQ,88.3,88.3,85.55,88.5,87.15,87.1,86.9,38132375,3313599340.95,101525,12818726,33.62,IDFCFIRSTB
2023-08-03,EQ,87.3,87.9,85.85,87.1,87.0,86.95,86.76,34558158,2998167370.45,99257,8025481,23.22,IDFCFIRSTB
2023-08-04,EQ,87.7,88.2,86.5,86.95,87.4,87.45,87.41,28666645,2505682819.85,64762,9295467,32.43,IDFCFIRSTB
2023-08-07,EQ,87.75,88.45,87.1,87.45,87.75,87.65,87.74,25688424,2253908977.15,66651,10375493,40.39,IDFCFIRSTB
2023-08-08,EQ,87.7,88.75,86.85,87.65,87.55,87.45,87.77,21638603,1899282352.85,52760,6624490,30.61,IDFCFIRSTB
2023-08-09,EQ,87.65,88.3,87.1,87.45,88.15,88.15,87.77,21568879,1893026626.7,58302,7763783,36.0,IDFCFIRSTB
2023-08-10,EQ,88.0,89.0,87.2,88.15,87.35,87.55,87.98,28905866,2543014825.05,77192,8499733,29.4,IDFCFIRSTB
2023-08-11,EQ,88.05,89.0,87.65,87.55,88.15,88.15,88.17,33682850,2969878261.2,56219,16554448,49.15,IDFCFIRSTB
2023-08-14,EQ,88.2,88.5,86.3,88.15,88.3,88.15,87.57,21353172,1869941505.6,60933,8458431,39.61,IDFCFIRSTB
2023-08-16,EQ,87.8,88.65,87.35,88.15,88.35,88.35,88.29,27771707,2452088759.65,59960,10983233,39.55,IDFCFIRSTB
2023-08-17,EQ,88.45,90.0,88.05,88.35,88.85,88.55,89.04,36736850,3271182930.2,94161,12564639,34.2,IDFCFIRSTB
2023-08-18,EQ,88.15,89.65,88.15,88.55,89.0,88.95,88.9,20227094,1798136938.35,69122,8533645,42.19,IDFCFIRSTB
2023-08-21,EQ,89.4,89.95,88.75,88.95,89.85,89.7,89.47,27088533,2423510211.75,78483,9289559,34.29,IDFCFIRSTB
2023-08-22,EQ,90.0,92.5,89.9,89.7,92.0,91.95,91.43,49308878,4508223279.0,101399,20149936,40.86,IDFCFIRSTB
2023-08-23,EQ,92.7,93.6,92.15,91.95,92.4,92.25,92.78,42359762,3930025348.45,91318,17161007,40.51,IDFCFIRSTB
2023-08-24,EQ,93.0,93.55,90.95,92.25,91.5,91.45,92.23,33846829,3121759351.55,86945,13302989,39.3,IDFCFIRSTB
2023-08-25,EQ,91.3,92.1,90.2,91.45,90.9,91.1,91.14,29665822,2703676720.6,64759,12179625,41.06,IDFCFIRSTB
2023-08-28,EQ,91.85,91.85,90.5,91.1,91.15,91.05,91.11,29530537,2690557914.7,67972,9860637,33.39,IDFCFIRSTB
2023-08-29,EQ,91.2,91.95,90.1,91.05,90.6,90.3,91.22,31488791,2872348900.85,71965,12266194,38.95,IDFCFIRSTB
2023-08-30,EQ,91.25,92.45,90.8,90.3,92.3,92.25,91.98,34413041,3165284090.85,62860,19677791,57.18,IDFCFIRSTB
2023-08-31,EQ,93.0,95.8,90.2,92.25,95.25,93.35,93.12,449067817,41815232745.7,201120,238124600,53.03,IDFCFIRSTB
2023-09-01,EQ,91.8,94.0,89.1,93.35,93.2,93.4,92.13,88835098,8184307051.75,141668,26778580,30.14,IDFCFIRSTB
2023-09-04,EQ,95.0,99.0,94.6,93.4,98.8,98.45,96.82,78872194,7636386580.5,166025,23114201,29.31,IDFCFIRSTB
2023-09-05,EQ,98.9,100.7,97.7,98.45,99.4,99.2,99.04,54709325,5418502030.55,144786,17650645,32.26,IDFCFIRSTB
2023-09-06,EQ,99.75,99.75,96.25,99.2,97.2,97.65,98.41,46033233,4530174492.1,115404,15366005,33.38,IDFCFIRSTB
2023-09-07,EQ,97.9,98.25,95.5,97.65,96.0,95.8,96.65,38143881,3686677078.75,132682,19727055,51.72,IDFCFIRSTB
2023-09-08,EQ,96.8,97.05,94.65,95.8,95.2,95.35,95.51,34295404,3275700234.75,102190,17118844,49.92,IDFCFIRSTB
2023-09-11,EQ,97.3,97.4,96.2,95.35,96.5,96.55,96.62,32132630,3104775049.85,107234,14570039,45.34,IDFCFIRSTB
2023-09-12,EQ,98.0,98.0,93.0,96.55,93.5,93.45,94.71,43656392,4134567984.65,148559,18979857,43.48,IDFCFIRSTB
2023-09-13,EQ,93.35,93.7,89.3,93.45,93.35,93.1,91.54,82602747,7561723146.75,179720,28303927,34.27,IDFCFIRSTB
2023-09-14,EQ,93.8,94.75,92.6,93.1,93.7,93.65,93.6,23581447,2207133182.2,71946,8277207,35.1,IDFCFIRSTB
2023-09-15,EQ,94.0,94.75,93.05,93.65,94.45,94.55,93.91,20016713,1879793946.35,59154,7976636,39.85,IDFCFIRSTB
2023-09-18,EQ,94.5,94.55,92.85,94.55,93.3,93.15,93.51,24402174,2281805666.35,98682,10023052,41.07,IDFCFIRSTB
2023-09-20,EQ,93.0,95.35,92.4,93.15,94.2,93.6,94.05,49353167,4641875315.4,136439,17532711,35.52,IDFCFIRSTB
2023-09-21,EQ,93.75,94.85,93.15,93.6,93.35,93.4,93.95,25504384,2396063648.2,66286,10209254,40.03,IDFCFIRSTB
2023-09-22,EQ,93.4,94.5,93.1,93.4,93.4,93.6,93.74,16438998,1541067877.95,63795,5814809,35.37,IDFCFIRSTB
2023-09-25,EQ,93.95,94.45,92.4,93.6,94.35,94.3,93.46,33610387,3141306438.9,86783,12781121,38.03,IDFCFIRSTB
2023-09-26,EQ,94.2,95.8,93.85,94.3,95.65,95.55,95.03,28194744,2679408633.3,71220,13217813,46.88,IDFCFIRSTB
2023-09-27,EQ,95.65,97.75,95.1,95.55,97.6,97.55,96.68,33615116,3249811159.05,102240,14441826,42.96,IDFCFIRSTB
2023-09-28,EQ,97.65,98.4,93.65,97.55,94.55,94.55,96.1,52996232,5093000914.65,137447,21340341,40.27,IDFCFIRSTB
2023-09-29,EQ,95.15,95.9,94.2,94.55,95.5,95.5,95.2,21360102,2033532098.8,67459,5254354,24.6,IDFCFIRSTB
2023-10-03,EQ,95.65,95.65,93.55,95.5,94.25,94.15,94.32,20336030,1918154280.8,86997,9523629,46.83,IDFCFIRSTB
2023-10-04,EQ,93.5,93.5,91.3,94.15,91.6,91.75,92.0,47373997,4358410753.25,173695,17034756,35.96,IDFCFIRSTB
2023-10-05,EQ,92.6,93.0,91.7,91.75,92.0,91.95,92.23,17104086,1577563794.1,79661,7705735,45.05,IDFCFIRSTB
2023-10-06,EQ,92.25,92.45,90.7,91.95,91.45,91.4,91.46,26681015,2440209847.35,90965,11541090,43.26,IDFCFIRSTB
2023-10-09,EQ,90.05,90.4,88.9,91.4,89.95,90.05,89.84,23075073,2073120296.35,101731,9354378,40.54,IDFCFIRSTB
2023-10-10,EQ,90.3,91.05,89.1,90.05,90.55,90.25,89.9,53961169,4850972828.55,122627,34909356,64.69,IDFCFIRSTB
2023-10-11,EQ,92.6,93.35,91.15,90.25,91.55,91.55,92.11,36252819,3339345290.8,99593,12382097,34.15,IDFCFIRSTB
2023-10-12,EQ,91.5,91.95,90.65,91.55,90.9,90.8,91.04,13653254,1243034788.1,59407,6455204,47.28,IDFCFIRSTB
2023-10-13,EQ,90.7,90.75,90.0,90.8,90.25,90.25,90.38,15143662,1368705544.4,79908,7759367,51.24,IDFCFIRSTB
2023-10-16,EQ,90.45,91.3,90.15,90.25,91.0,90.95,90.78,18504956,1679803325.55,72944,7534727,40.72,IDFCFIRSTB
2023-10-17,EQ,91.25,92.0,91.2,90.95,91.6,91.6,91.69,15944661,1461969411.45,58122,6584016,41.29,IDFCFIRSTB
2023-10-18,EQ,92.35,93.1,90.8,91.6,91.2,90.95,91.73,30676702,2813827872.15,76189,9614544,31.34,IDFCFIRSTB
2023-10-19,EQ,90.65,91.4,90.0,90.95,90.9,90.8,90.77,20209313,1834388805.05,57947,9898565,48.98,IDFCFIRSTB
2023-10-20,EQ,90.75,91.25,88.4,90.8,88.75,88.9,89.42,25595667,2288803792.65,83396,11982946,46.82,IDFCFIRSTB
2023-10-23,EQ,88.95,89.85,86.0,88.9,86.3,86.45,88.02,41890167,3687293362.8,128732,18124763,43.27,IDFCFIRSTB
2023-10-25,EQ,86.45,87.7,85.75,86.45,87.05,87.15,86.91,37773182,3282970524.2,93451,16258161,43.04,IDFCFIRSTB
2023-10-26,EQ,87.0,87.25,84.5,87.15,84.65,84.95,85.51,51415393,4396579712.1,149562,19733499,38.38,IDFCFIRSTB
2023-10-27,EQ,85.5,86.85,85.2,84.95,86.7,86.05,85.94,29641971,2547508709.35,84572,14537920,49.05,IDFCFIRSTB
2023-10-30,EQ,86.9,86.9,81.45,86.05,83.4,83.2,83.08,70055215,5820379668.8,202993,21772163,31.08,IDFCFIRSTB
2023-10-31,EQ,84.3,84.3,82.2,83.2,82.8,82.7,82.98,29493792,2447457359.8,111831,10476922,35.52,IDFCFIRSTB
2023-11-01,EQ,82.75,82.95,80.8,82.7,81.2,81.1,81.92,28786958,2358329370.0,103693,12546498,43.58,IDFCFIRSTB
2023-11-02,EQ,82.0,83.15,81.65,81.1,82.5,82.3,82.34,18044601,1485817342.0,61819,7724548,42.81,IDFCFIRSTB
2023-11-03,EQ,83.2,83.2,82.3,82.3,82.8,82.8,82.61,20591066,1700939328.1,80033,10367317,50.35,IDFCFIRSTB
2023-11-06,EQ,83.35,83.4,82.55,82.8,82.75,82.75,82.87,20613509,1708159134.3,82242,10214581,49.55,IDFCFIRSTB
2023-11-07,EQ,82.85,83.25,82.25,82.75,83.25,83.15,82.91,12108793,1003998745.9,60172,5607526,46.31,IDFCFIRSTB
2023-11-08,EQ,83.65,84.3,83.35,83.15,83.7,83.7,83.81,21966786,1840947260.6,79030,8789017,40.01,IDFCFIRSTB
2023-11-09,EQ,83.85,84.95,83.3,83.7,84.65,84.65,84.34,16190086,1365481409.25,59519,7507492,46.37,IDFCFIRSTB
2023-11-10,EQ,84.6,85.55,83.8,84.65,85.5,85.35,84.74,17259640,1462654829.9,67423,7926754,45.93,IDFCFIRSTB
2023-11-12,EQ,86.7,86.7,86.0,85.35,86.25,86.2,86.25,11859469,1022885006.95,94930,7893981,66.56,IDFCFIRSTB
2023-11-13,EQ,86.25,86.55,85.15,86.2,86.15,86.35,85.86,21991203,1888094377.15,68567,8142565,37.03,IDFCFIRSTB
2023-11-15,EQ,87.7,87.7,86.6,86.35,86.8,86.85,87.08,28932220,2519292876.75,95426,12360448,42.72,IDFCFIRSTB
2023-11-16,EQ,86.85,88.9,86.8,86.85,88.65,88.4,87.9,23376718,2054781367.85,67192,14186591,60.69,IDFCFIRSTB
2023-11-17,EQ,87.0,87.0,84.7,88.4,85.25,85.1,85.31,51406621,4385599781.85,168175,25237809,49.09,IDFCFIRSTB
2023-11-20,EQ,85.0,85.5,84.0,85.1,84.45,84.4,84.44,21054336,1777772832.5,97812,9340256,44.36,IDFCFIRSTB
2023-11-21,EQ,84.8,85.1,84.4,84.4,84.6,84.6,84.7,13720052,1162055352.9,65352,6834664,49.82,IDFCFIRSTB
2023-11-22,EQ,84.55,84.65,82.7,84.6,83.25,83.2,83.47,25696794,2144837166.5,110802,10410648,40.51,IDFCFIRSTB
2023-11-23,EQ,83.25,84.55,83.25,83.2,84.25,84.15,84.16,12576455,1058385081.9,50920,4092094,32.54,IDFCFIRSTB
2023-11-24,EQ,84.25,85.35,84.0,84.15,84.1,84.3,84.63,17622717,1491424346.55,59853,6228375,35.34,IDFCFIRSTB
2023-11-28,EQ,84.3,85.55,84.15,84.3,85.45,85.25,85.0,25597715,2175677953.0,84907,11504526,44.94,IDFCFIRSTB
2023-11-29,EQ,85.75,86.0,84.45,85.25,84.85,84.9,84.83,24093734,2043985881.55,97376,11600993,48.15,IDFCFIRSTB
2023-11-30,EQ,84.7,86.0,84.1,84.9,85.85,85.2,84.95,66683981,5665002580.65,112171,44924963,67.37,IDFCFIRSTB
2023-12-01,EQ,85.8,86.4,85.4,85.2,86.2,86.1,85.92,18842360,1618994188.7,60825,10535170,55.91,IDFCFIRSTB
2023-12-04,EQ,87.2,87.85,86.3,86.1,86.95,86.95,87.0,30745088,2674821004.1,107234,13996280,45.52,IDFCFIRSTB
2023-12-05,EQ,87.25,90.65,86.8,86.95,89.55,89.25,89.31,62063982,5542765196.9,145724,23991062,38.66,IDFCFIRSTB
2023-12-06,EQ,90.1,91.05,89.85,89.25,90.45,90.4,90.45,48720271,4406642845.05,123910,20774797,42.64,IDFCFIRSTB
2023-12-07,EQ,87.4,88.6,86.6,90.4,87.75,87.7,87.64,84289782,7387069903.2,146366,38446004,45.61,IDFCFIRSTB
2023-12-08,EQ,88.2,89.5,86.0,87.7,88.0,88.05,87.8,45995020,4038156466.85,101712,18062571,39.27,IDFCFIRSTB
2023-12-11,EQ,88.5,88.6,87.15,88.05,87.45,87.35,87.83,37213779,3268362393.1,95249,22373551,60.12,IDFCFIRSTB
2023-12-12,EQ,87.65,87.95,86.5,87.35,87.0,86.85,87.25,28399787,2478011926.35,91053,11128126,39.18,IDFCFIRSTB
2023-12-13,EQ,87.25,87.75,86.6,86.85,87.5,87.5,87.3,37528795,3276116122.15,79369,18940461,50.47,IDFCFIRSTB
2023-12-14,EQ,88.15,88.9,87.9,87.5,88.25,88.15,88.38,33461449,2957360331.15,84337,16352745,48.87,IDFCFIRSTB
2023-12-15,EQ,88.8,90.25,88.4,88.15,89.9,90.0,89.45,52976414,4738989086.5,103801,24536670,46.32,IDFCFIRSTB
2023-12-18,EQ,90.45,90.7,89.55,90.0,89.8,89.75,90.0,35567264,3200960008.55,101040,15581141,43.81,IDFCFIRSTB
2023-12-19,EQ,90.7,92.45,90.0,89.75,90.25,90.15,90.87,52605951,4780422563.7,121805,23504480,44.68,IDFCFIRSTB
2023-12-20,EQ,90.8,91.2,86.8,90.15,87.0,87.35,89.03,39758788,3539544894.7,116085,15865640,39.9,IDFCFIRSTB
2023-12-21,EQ,86.1,88.55,85.95,87.35,88.45,88.35,87.6,30384392,2661607922.05,85385,12610787,41.5,IDFCFIRSTB
2023-12-22,EQ,88.6,89.45,88.0,88.35,88.4,88.45,88.81,22160259,1968033829.3,77932,6883899,31.06,IDFCFIRSTB
2023-12-26,EQ,88.7,89.0,88.0,88.45,88.6,88.5,88.59,15950825,1413025358.9,64787,6689129,41.94,IDFCFIRSTB
2023-12-27,EQ,88.6,89.6,88.55,88.5,88.9,88.85,89.01,24746656,2202799195.6,62004,12063480,48.75,IDFCFIRSTB
2023-12-28,EQ,89.3,89.6,87.55,88.85,88.4,88.7,88.63,59862490,5305801059.3,112085,28378029,47.41,IDFCFIRSTB
2023-12-29,EQ,89.4,89.9,87.85,88.7,88.8,88.9,88.48,27303350,2415779567.65,76311,12151129,44.5,IDFCFIRSTB
2024-01-01,EQ,88.8,88.9,87.6,88.9,87.75,87.8,88.03,34249920,3014886805.2,118647,17876633,52.19,IDFCFIRSTB
2024-01-02,EQ,87.9,87.95,85.6,87.8,86.0,86.1,86.41,35436796,3062125357.9,113200,17006311,47.99,IDFCFIRSTB
2024-01-03,EQ,86.0,86.75,84.55,86.1,86.2,86.1,85.88,31080242,2669189457.55,89315,9858739,31.72,IDFCFIRSTB
2024-01-04,EQ,86.2,87.2,86.2,86.1,87.15,87.05,86.84,18289264,1588167415.7,69372,9921359,54.25,IDFCFIRSTB
2024-01-05,EQ,87.3,87.55,85.9,87.05,86.7,86.7,86.69,22962991,1990623951.15,83233,11216775,48.85,IDFCFIRSTB
2024-01-08,EQ,86.75,86.8,85.15,86.7,85.5,85.45,85.87,30801235,2644774818.2,115253,13540953,43.96,IDFCFIRSTB
2024-01-09,EQ,86.0,86.75,84.0,85.45,84.25,84.25,85.18,23355285,1989477357.95,99981,12203809,52.25,IDFCFIRSTB
2024-01-10,EQ,84.0,84.2,82.6,84.25,83.9,83.9,83.6,27009949,2257932826.65,90821,9580024,35.47,IDFCFIRSTB
2024-01-11,EQ,84.25,86.9,83.9,83.9,86.6,86.65,85.81,29485195,2530202744.5,70795,12827813,43.51,IDFCFIRSTB
2024-01-12,EQ,87.3,87.95,86.0,86.65,87.2,87.15,87.24,28546079,2490218622.15,74643,11893776,41.67,IDFCFIRSTB
2024-01-15,EQ,87.75,87.95,86.25,87.15,87.0,86.75,86.92,25465320,2213352790.45,82081,9743049,38.26,IDFCFIRSTB
2024-01-16,EQ,86.7,89.6,86.5,86.75,88.35,88.3,88.19,53684616,4734667039.65,99783,26865079,50.04,IDFCFIRSTB
2024-01-17,EQ,87.45,89.65,84.8,88.3,85.3,85.2,86.84,95907710,8328196439.5,221683,30718410,32.03,IDFCFIRSTB
2024-01-18,EQ,85.2,87.15,84.45,85.2,86.55,86.4,85.98,32763022,2817014257.4,84852,8373728,25.56,IDFCFIRSTB
2024-01-19,EQ,87.0,87.2,84.6,86.4,85.7,85.7,85.78,42872654,3677606380.25,111393,19460479,45.39,IDFCFIRSTB
2024-01-20,EQ,85.95,87.9,85.3,85.7,87.8,87.7,86.54,27900269,2414394839.55,85949,10147800,36.37,IDFCFIRSTB
2024-01-23,EQ,85.2,85.2,81.15,87.7,81.95,81.8,82.87,95355822,7901767591.45,350443,46677270,48.95,IDFCFIRSTB
2024-01-24,EQ,82.3,82.3,79.35,81.8,79.65,79.6,80.42,85088545,6843015667.95,216439,43926219,51.62,IDFCFIRSTB
2024-01-25,EQ,80.05,80.85,78.9,79.6,80.5,80.05,79.86,80693649,6444451373.1,327768,37322444,46.25,IDFCFIRSTB
2024-01-29,EQ,81.05,83.75,80.6,80.05,83.5,83.5,82.66,69818447,5771513895.3,157442,34381918,49.24,IDFCFIRSTB
2024-01-30,EQ,84.05,84.05,82.35,83.5,82.7,82.7,83.1,44029673,3658893578.0,106850,23680658,53.78,IDFCFIRSTB
2024-01-31,EQ,82.65,84.65,82.05,82.7,84.1,84.35,84.14,55031644,4630589617.9,161812,27198013,49.42,IDFCFIRSTB
2024-02-01,EQ,84.2,84.2,82.6,84.35,83.45,83.4,83.4,34379718,2867101640.4,107576,13611711,39.59,IDFCFIRSTB
2024-02-02,EQ,84.0,84.5,82.4,83.4,82.6,82.55,83.49,32521926,2715168954.4,121055,14553971,44.75,IDFCFIRSTB
2024-02-05,EQ,83.2,83.8,81.95,82.55,83.3,83.25,83.12,38399805,3191770094.3,124767,14462781,37.66,IDFCFIRSTB
2024-02-06,EQ,83.3,83.65,82.5,83.25,83.25,83.0,83.07,24033822,1996500164.45,110928,11229915,46.73,IDFCFIRSTB
2024-02-07,EQ,83.0,83.7,82.7,83.0,83.15,83.15,83.2,29302949,2438151329.9,107617,11804692,40.28,IDFCFIRSTB
2024-02-08,EQ,83.2,83.95,80.8,83.15,81.0,81.0,82.3,31429130,2586572012.0,130119,14558052,46.32,IDFCFIRSTB
2024-02-09,EQ,81.0,81.6,79.5,81.0,81.5,81.25,80.46,38153683,3069819774.6,125750,15033598,39.4,IDFCFIRSTB
2024-02-12,EQ,81.65,81.65,78.75,81.25,79.25,79.2,79.63,41585476,3311270736.55,141478,15400073,37.03,IDFCFIRSTB
2024-02-13,EQ,79.45,80.6,77.8,79.2,80.55,80.5,79.32,33145177,2629036739.55,108861,11178489,33.73,IDFCFIRSTB
2024-02-14,EQ,79.75,81.1,79.05,80.5,81.0,80.85,80.22,37882009,3038768996.35,125156,9127154,24.09,IDFCFIRSTB
2024-02-15,EQ,81.1,81.65,80.7,80.85,81.3,81.25,81.17,20282435,1646352174.9,102806,6879434,33.92,IDFCFIRSTB
2024-02-16,EQ,81.45,83.6,81.25,81.25,82.75,82.85,82.64,29527329,2440109268.4,94322,11284429,38.22,IDFCFIRSTB
2024-02-19,EQ,83.0,83.2,82.0,82.85,82.2,82.15,82.44,18166232,1497637193.9,146995,6226408,34.27,IDFCFIRSTB
2024-02-20,EQ,82.2,82.45,81.4,82.15,81.8,81.75,81.78,13613029,1113257914.9,86277,5643779,41.46,IDFCFIRSTB
2024-02-21,EQ,82.0,82.2,80.7,81.75,80.85,80.95,81.25,21427671,1740916829.9,106351,7332965,34.22,IDFCFIRSTB
2024-02-22,EQ,80.95,81.45,80.15,80.95,81.45,81.15,80.84,21248658,1717715439.4,80887,8701123,40.95,IDFCFIRSTB
2024-02-23,EQ,81.45,83.75,81.4,81.15,82.6,82.85,82.94,36200294,3002520332.8,88269,14301195,39.51,IDFCFIRSTB
2024-02-26,EQ,82.7,84.65,82.45,82.85,84.4,83.95,83.57,66470288,5555155304.55,154696,14945599,22.48,IDFCFIRSTB
2024-02-27,EQ,84.0,84.5,83.0,83.95,83.3,83.3,83.82,24228307,2030763477.55,77466,9903554,40.88,IDFCFIRSTB
2024-02-28,EQ,83.7,83.85,80.15,83.3,80.4,80.55,81.62,32991886,2692896255.8,84561,11590858,35.13,IDFCFIRSTB
2024-02-29,EQ,80.45,81.4,79.3,80.55,81.0,81.05,80.45,45176959,3634692932.95,135924,17787674,39.37,IDFCFIRSTB
2024-03-01,EQ,81.35,82.85,80.85,81.05,82.2,82.2,81.75,32043837,2619498313.75,90793,13512945,42.17,IDFCFIRSTB
2024-03-02,EQ,82.7,82.8,82.5,82.2,82.65,82.55,82.62,2582048,213337300.65,13179,1672202,64.76,IDFCFIRSTB
2024-03-04,EQ,82.55,82.85,81.45,82.55,81.9,82.1,81.98,29402794,2410536971.45,82883,12549445,42.68,IDFCFIRSTB
2024-03-05,EQ,82.0,82.5,81.15,82.1,81.65,81.55,81.78,18904629,1546044789.45,50818,7682822,40.64,IDFCFIRSTB
2024-03-06,EQ,81.4,82.1,80.1,81.55,81.85,81.8,81.07,43084290,3492870331.5,121610,14283900,33.15,IDFCFIRSTB
2024-03-07,EQ,81.95,82.2,80.65,81.8,80.8,80.8,81.31,19532765,1588229985.15,64770,8999657,46.07,IDFCFIRSTB
2024-03-11,EQ,81.1,81.35,80.0,80.8,80.45,80.5,80.59,29349863,2365171640.95,89061,10297806,35.09,IDFCFIRSTB
2024-03-12,EQ,80.45,81.2,79.2,80.5,79.35,79.5,79.91,28235190,2256312188.75,99759,9877805,34.98,IDFCFIRSTB
2024-03-13,EQ,79.6,80.0,77.0,79.5,77.25,77.5,78.13,43314356,3384018898.7,131711,16300904,37.63,IDFCFIRSTB
2024-03-14,EQ,76.8,78.8,76.1,77.5,78.65,78.45,77.88,30981907,2412734424.6,88686,9972326,32.19,IDFCFIRSTB
2024-03-15,EQ,78.1,79.3,77.2,78.45,78.7,78.7,78.29,23691683,1854811690.15,66853,8234931,34.76,IDFCFIRSTB
2024-03-18,EQ,78.75,79.4,77.65,78.7,78.1,77.95,78.26,26373762,2063995460.85,87815,6765077,25.65,IDFCFIRSTB
2024-03-19,EQ,77.7,78.4,76.35,77.95,76.6,76.65,77.18,19836484,1530984928.7,91476,7338717,37.0,IDFCFIRSTB
2024-03-20,EQ,77.2,77.4,75.9,76.65,76.3,76.35,76.51,30072164,2300822580.05,91979,7486844,24.9,IDFCFIRSTB
2024-03-21,EQ,77.0,78.05,77.0,76.35,77.9,77.9,77.64,17142982,1330987873.95,53436,6026479,35.15,IDFCFIRSTB
2024-03-22,EQ,78.0,78.95,77.75,77.9,78.0,78.05,78.26,22341514,1748403942.2,64725,6459426,28.91,IDFCFIRSTB
2024-03-26,EQ,78.05,78.85,77.6,78.05,77.75,77.7,78.21,30845542,2412434183.8,70848,14409536,46.72,IDFCFIRSTB
2024-03-27,EQ,77.85,78.8,77.25,77.7,77.9,77.8,77.97,56133743,4376665205.3,108768,23790665,42.38,IDFCFIRSTB
2024-03-28,EQ,76.3,76.3,75.05,77.8,75.5,75.4,75.64,190831894,14434226212.0,179000,89470249,46.88,IDFCFIRSTB
2024-04-01,EQ,76.2,77.75,75.95,75.4,77.7,77.5,76.73,34749524,2666348059.75,97599,12667455,36.45,IDFCFIRSTB
2024-04-02,EQ,77.5,79.45,77.05,77.5,79.1,79.15,78.59,46916727,3687032392.55,96713,18491038,39.41,IDFCFIRSTB
2024-04-03,EQ,78.8,78.95,78.15,79.15,78.3,78.4,78.49,41884727,3287434820.9,112920,19205693,45.85,IDFCFIRSTB
2024-04-04,EQ,79.0,80.1,78.55,78.4,79.6,79.45,79.35,51797671,4109922732.25,96041,19435437,37.52,IDFCFIRSTB
2024-04-05,EQ,79.6,80.95,79.05,79.45,80.9,80.65,79.91,36591208,2924130237.85,81709,15302432,41.82,IDFCFIRSTB
2024-04-08,EQ,82.3,83.6,81.45,80.65,82.6,82.5,82.59,86003143,7103206860.4,159379,31719944,36.88,IDFCFIRSTB
2024-04-09,EQ,83.0,83.1,81.5,82.5,82.25,82.15,82.41,30056336,2476903713.85,82222,10813627,35.98,IDFCFIRSTB
2024-04-10,EQ,82.45,85.1,82.05,82.15,84.4,84.7,83.77,59988057,5025310930.6,122628,25260661,42.11,IDFCFIRSTB
2024-04-12,EQ,84.7,85.35,84.0,84.7,84.3,84.35,84.64,39788540,3367713004.3,101492,17113253,43.01,IDFCFIRSTB
2024-04-15,EQ,83.0,83.65,81.8,84.35,82.6,82.75,82.87,48530874,4021727309.8,209009,18114592,37.33,IDFCFIRSTB
2024-04-16,EQ,82.35,83.6,82.0,82.75,83.1,82.7,82.87,46456733,3850058998.3,99152,20123290,43.32,IDFCFIRSTB
2024-04-18,EQ,83.45,84.6,82.3,82.7,82.8,82.6,83.65,34216522,2862268689.35,84343,13126105,38.36,IDFCFIRSTB
2024-04-19,EQ,82.0,82.25,80.45,82.6,81.95,81.85,81.63,28627742,2336943482.85,71231,7834968,27.37,IDFCFIRSTB
2024-04-22,EQ,82.7,83.65,82.45,81.85,83.25,83.2,83.1,33425530,2777535398.3,81909,10757224,32.18,IDFCFIRSTB
2024-04-23,EQ,83.55,84.05,83.05,83.2,83.5,83.45,83.65,23682190,1980899501.35,59220,9407654,39.72,IDFCFIRSTB
2024-04-24,EQ,83.65,83.85,83.05,83.45,83.45,83.35,83.43,24743735,2064446594.0,54925,9403716,38.0,IDFCFIRSTB
2024-04-25,EQ,83.35,83.75,82.9,83.35,83.45,83.4,83.35,29515615,2460060165.85,80960,12128111,41.09,IDFCFIRSTB
2024-04-26,EQ,84.1,86.1,83.8,83.4,84.7,84.8,84.9,55911088,4746708929.2,110268,21089593,37.72,IDFCFIRSTB
2024-04-29,EQ,83.4,83.5,80.0,84.8,81.5,81.65,81.17,106192496,8619468504.55,235696,38310201,36.08,IDFCFIRSTB
2024-04-30,EQ,82.05,82.6,80.85,81.65,82.1,82.15,81.78,78004535,6379280934.6,156389,25757398,33.02,IDFCFIRSTB
2024-05-02,EQ,82.35,82.65,81.3,82.15,81.55,81.55,82.01,25648410,2103381884.6,77557,11110041,43.32,IDFCFIRSTB
2024-05-03,EQ,81.85,82.15,80.5,81.55,81.0,80.9,81.21,24612150,1998795674.65,80499,8724702,35.45,IDFCFIRSTB
2024-05-06,EQ,81.3,81.45,79.9,80.9,80.15,80.05,80.48,33303000,2680191760.35,98243,12373364,37.15,IDFCFIRSTB
2024-05-07,EQ,80.05,80.2,77.4,80.05,77.8,77.85,78.32,40707009,3188208397.8,130101,18121814,44.52,IDFCFIRSTB
2024-05-08,EQ,77.8,78.25,76.7,77.85,77.05,76.95,77.29,57719879,4461302181.75,163754,26247285,45.47,IDFCFIRSTB
2024-05-09,EQ,77.05,77.45,75.55,76.95,75.65,75.85,76.51,31954655,2444907734.3,145983,12961200,40.56,IDFCFIRSTB
2024-05-10,EQ,75.85,76.85,75.5,75.85,76.75,76.55,76.16,45450532,3461369346.65,87287,17396614,38.28,IDFCFIRSTB
2024-05-13,EQ,76.9,77.75,75.15,76.55,77.7,77.15,76.43,66890951,5112173996.0,105265,26017990,38.9,IDFCFIRSTB
2024-05-14,EQ,77.6,77.9,76.9,77.15,77.5,77.5,77.49,45485144,3524528461.5,64688,23494151,51.65,IDFCFIRSTB
2024-05-15,EQ,77.8,77.85,76.65,77.5,76.85,76.9,77.07,42014420,3237843753.95,85595,20665186,49.19,IDFCFIRSTB
2024-05-16,EQ,77.0,77.45,76.6,76.9,77.05,77.05,76.99,45668074,3515849886.35,66456,26753339,58.58,IDFCFIRSTB
2024-05-17,EQ,77.2,77.55,76.95,77.05,77.25,77.2,77.21,33767218,2607206964.15,72876,18501908,54.79,IDFCFIRSTB
2024-05-18,EQ,77.5,77.55,77.2,77.2,77.35,77.45,77.41,2865940,221844180.8,14708,1897659,66.21,IDFCFIRSTB
2024-05-21,EQ,77.75,77.75,77.0,77.45,77.4,77.45,77.45,32507333,2517819264.65,93612,18768840,57.74,IDFCFIRSTB
2024-05-22,EQ,77.5,77.7,76.75,77.45,77.1,77.15,77.12,45920790,3541583507.15,114411,19331770,42.1,IDFCFIRSTB
2024-05-23,EQ,77.15,78.35,77.0,77.15,78.25,78.05,77.78,35735808,2779577460.4,75120,14868969,41.61,IDFCFIRSTB
2024-05-24,EQ,78.4,78.9,77.5,78.05,77.7,77.7,78.1,30393901,2373663505.45,78123,12270264,40.37,IDFCFIRSTB
2024-05-27,EQ,78.05,79.35,77.4,77.7,79.15,78.65,78.4,63936785,5012365199.9,105025,20488108,32.04,IDFCFIRSTB
2024-05-28,EQ,79.0,79.6,77.6,78.65,77.95,77.95,78.48,25613202,2010133182.6,58312,6679856,26.08,IDFCFIRSTB
2024-05-29,EQ,77.75,78.55,77.0,77.95,77.25,77.15,77.64,25586772,1986638432.1,75112,7078631,27.67,IDFCFIRSTB
2024-05-30,EQ,77.1,78.15,76.95,77.15,78.1,77.55,77.43,27958294,2164740212.6,63982,7935843,28.38,IDFCFIRSTB
2024-05-31,EQ,77.9,78.7,76.1,77.55,76.65,76.4,76.75,56608087,4344857443.5,113963,32123624,56.75,IDFCFIRSTB
2024-06-03,EQ,80.65,80.65,77.7,76.4,78.35,78.1,78.45,69867394,5481100144.35,174475,18910748,27.07,IDFCFIRSTB
2024-06-04,EQ,78.1,78.2,70.8,78.1,73.1,72.55,73.54,93953265,6909781124.75,293798,42318419,45.04,IDFCFIRSTB
2024-06-05,EQ,73.9,78.15,71.15,72.55,77.1,77.25,75.11,97328221,7310016701.65,229480,30734152,31.58,IDFCFIRSTB
2024-06-06,EQ,78.4,78.4,77.05,77.25,77.25,77.25,77.53,32618937,2528894537.0,76181,12370111,37.92,IDFCFIRSTB
2024-06-07,EQ,77.25,78.25,77.05,77.25,77.7,77.7,77.79,22169299,1724559000.55,57099,9070725,40.92,IDFCFIRSTB
2024-06-10,EQ,78.25,78.58,77.02,77.7,77.25,77.53,77.64,43033270,3341317554.55,120975,10907119,25.35,IDFCFIRSTB
2024-06-11,EQ,77.45,77.9,77.14,77.53,77.51,77.51,77.6,13534774,1050335048.73,54693,4872055,36.0,IDFCFIRSTB
2024-06-12,EQ,77.51,78.44,77.3,77.51,77.77,77.82,77.87,38214027,2975586569.5,89811,16594421,43.42,IDFCFIRSTB
2024-06-13,EQ,78.0,78.34,77.4,77.82,77.47,77.46,77.75,14280118,1110236241.84,51004,6986447,48.92,IDFCFIRSTB
2024-06-14,EQ,77.51,78.3,77.38,77.46,78.13,78.0,77.87,35980148,2801597479.96,86765,15979975,44.41,IDFCFIRSTB
2024-06-18,EQ,78.28,81.63,78.0,78.0,81.37,81.46,80.39,73328337,5894840620.42,174496,29115791,39.71,IDFCFIRSTB
2024-06-19,EQ,82.0,83.5,80.31,81.46,82.22,82.17,82.23,116468010,9577672129.96,235716,38924856,33.42,IDFCFIRSTB
2024-06-20,EQ,82.92,84.0,82.55,82.17,83.9,83.84,83.36,73140325,6097231743.02,168075,28753226,39.31,IDFCFIRSTB
2024-06-21,EQ,84.3,84.5,82.92,83.84,83.35,83.47,83.66,45266640,3786885232.64,119332,20856229,46.07,IDFCFIRSTB
2024-06-24,EQ,83.35,83.7,81.7,83.47,83.29,82.94,82.82,42485773,3518665157.88,126373,9847077,23.18,IDFCFIRSTB
2024-06-25,EQ,83.0,83.49,82.45,82.94,82.88,82.91,82.92,22499259,1865531948.22,79874,8372260,37.21,IDFCFIRSTB
2024-06-26,EQ,82.85,83.3,82.15,82.91,82.9,82.74,82.79,30474554,2523075395.25,93249,9805345,32.18,IDFCFIRSTB
2024-06-27,EQ,82.7,83.7,82.02,82.74,82.25,82.2,82.73,39838027,3295824152.2,101659,20021866,50.26,IDFCFIRSTB
2024-06-28,EQ,82.31,83.1,81.97,82.2,82.2,82.16,82.47,22936845,1891513647.92,64880,9511052,41.47,IDFCFIRSTB
2024-07-01,EQ,82.16,82.2,81.0,82.16,81.15,81.14,81.45,27599969,2247933642.52,98747,13901420,50.37,IDFCFIRSTB
2024-07-02,EQ,81.34,81.41,78.45,81.14,79.09,78.89,79.64,39049354,3109940171.4,121883,17627720,45.14,IDFCFIRSTB
2024-07-03,EQ,79.49,81.04,77.85,78.89,80.8,80.88,79.67,75104560,5983773570.87,182573,21960132,29.24,IDFCFIRSTB
2024-07-04,EQ,81.47,82.1,80.14,80.88,81.13,81.17,81.01,27153022,2199618968.06,85895,9763448,35.96,IDFCFIRSTB
2024-07-05,EQ,81.0,82.07,80.61,81.17,81.18,81.19,81.41,28720522,2338162313.49,86967,11471690,39.94,IDFCFIRSTB
2024-07-08,EQ,81.18,81.35,79.46,81.19,79.9,79.76,80.2,32209972,2583238132.45,115582,9892181,30.71,IDFCFIRSTB
2024-07-09,EQ,79.9,80.4,79.05,79.76,79.2,79.19,79.71,15949548,1271306961.78,63137,7593327,47.61,IDFCFIRSTB
2024-07-10,EQ,79.2,79.34,77.61,79.19,78.32,78.21,78.25,37403807,2927016074.69,137660,16649966,44.51,IDFCFIRSTB
2024-07-11,EQ,78.93,79.09,78.1,78.21,78.32,78.22,78.44,19229318,1508334251.16,80841,9132914,47.49,IDFCFIRSTB
2024-07-12,EQ,78.22,79.35,78.11,78.22,78.29,78.27,78.69,17319739,1362930743.85,63155,7095668,40.97,IDFCFIRSTB
2024-07-15,EQ,78.3,78.8,77.61,78.27,78.15,78.16,78.07,22131587,1727842046.96,81646,7469313,33.75,IDFCFIRSTB
2024-07-16,EQ,78.2,78.66,77.85,78.16,78.03,77.95,78.04,17388331,1357055378.96,83671,8261202,47.51,IDFCFIRSTB
2024-07-18,EQ,77.96,78.41,77.65,77.95,77.67,77.74,77.91,13770410,1072892535.05,70398,6223279,45.19,IDFCFIRSTB
2024-07-19,EQ,77.74,77.88,75.85,77.74,76.02,76.02,76.53,21274463,1628207072.56,99343,10521420,49.46,IDFCFIRSTB
2024-07-22,EQ,75.94,78.04,75.02,76.02,77.57,77.59,76.94,32277103,2483244227.12,112966,12190241,37.77,IDFCFIRSTB
2024-07-23,EQ,77.99,77.99,74.6,77.59,76.43,76.59,76.39,26763235,2044519667.47,112141,9441235,35.28,IDFCFIRSTB
2024-07-24,EQ,76.55,77.04,75.05,76.59,75.73,75.66,75.85,45553498,3455036958.71,159943,13587138,29.83,IDFCFIRSTB
2024-07-25,EQ,75.0,75.34,74.6,75.66,74.7,74.66,74.88,32863157,2460647243.7,130567,15699909,47.77,IDFCFIRSTB
2024-07-26,EQ,73.51,74.94,72.4,74.66,74.58,74.48,73.93,48815501,3608851414.05,156532,19512722,39.97,IDFCFIRSTB
2024-07-29,EQ,73.69,75.15,73.05,74.48,74.93,74.83,74.41,62891458,4679890420.46,163165,21687295,34.48,IDFCFIRSTB
2024-07-30,EQ,74.92,76.23,74.61,74.83,75.92,76.04,75.84,58912783,4467758531.59,158002,32614891,55.36,IDFCFIRSTB
2024-07-31,EQ,76.29,76.29,75.47,76.04,76.13,75.99,75.85,32430765,2460025652.22,111636,14264709,43.99,IDFCFIRSTB
2024-08-01,EQ,76.05,76.46,75.07,75.99,75.39,75.39,75.79,23506982,1781626384.99,97900,11745125,49.96,IDFCFIRSTB
2024-08-02,EQ,75.0,75.0,74.11,75.39,74.36,74.31,74.53,22069106,1644701836.6,116027,11226745,50.87,IDFCFIRSTB
2024-08-05,EQ,72.99,73.4,71.6,74.31,72.06,72.01,72.24,53497863,3864885918.52,317436,26493361,49.52,IDFCFIRSTB
2024-08-06,EQ,72.59,73.43,71.56,72.01,71.75,71.76,72.52,25569309,1854396657.37,108320,10971938,42.91,IDFCFIRSTB
2024-08-07,EQ,73.0,73.0,71.97,71.76,72.68,72.53,72.42,25523344,1848318176.59,98633,10657347,41.76,IDFCFIRSTB
2024-08-08,EQ,72.55,72.95,71.91,72.53,72.16,72.03,72.42,15757882,1141242958.93,82577,7675532,48.71,IDFCFIRSTB
2024-08-09,EQ,72.55,73.7,72.49,72.03,72.75,72.86,73.09,17044000,1245734736.95,65915,6877436,40.35,IDFCFIRSTB
2024-08-12,EQ,72.51,72.78,71.66,72.86,71.9,71.79,72.04,45157967,3253069168.98,115241,25149719,55.69,IDFCFIRSTB
2024-08-13,EQ,72.0,72.44,71.1,71.79,71.19,71.37,71.81,19218547,1380071213.64,94050,9382497,48.82,IDFCFIRSTB
2024-08-14,EQ,71.38,71.49,70.43,71.37,70.79,70.6,70.84,28682414,2031990104.97,127700,13610998,47.45,IDFCFIRSTB
2024-08-16,EQ,71.5,72.1,70.9,70.6,71.93,71.96,71.55,26680020,1908897431.82,87169,12939293,48.5,IDFCFIRSTB
2024-08-19,EQ,72.0,72.38,71.6,71.96,72.18,72.01,71.94,27826873,2001887755.75,114540,11577013,41.6,IDFCFIRSTB
2024-08-20,EQ,72.06,73.7,72.06,72.01,73.29,73.35,73.01,26347248,1923678376.32,73334,11151351,42.32,IDFCFIRSTB
2024-08-21,EQ,73.34,73.96,73.0,73.35,73.91,73.63,73.36,25814553,1893767420.41,79537,9227678,35.75,IDFCFIRSTB
2024-08-22,EQ,74.28,75.74,73.89,73.63,75.33,75.36,75.08,37149425,2789214865.19,96722,14752058,39.71,IDFCFIRSTB
2024-08-23,EQ,75.78,75.79,74.14,75.36,74.45,74.42,75.03,22318922,1674661011.84,60517,9477243,42.46,IDFCFIRSTB
2024-08-26,EQ,74.87,75.05,73.91,74.42,74.36,74.11,74.39,22380103,1664871652.41,85545,10087565,45.07,IDFCFIRSTB
2024-08-27,EQ,74.68,74.83,73.8,74.11,74.62,74.58,74.49,17028051,1268456899.18,64127,7961688,46.76,IDFCFIRSTB
2024-08-28,EQ,74.6,75.0,73.55,74.58,73.88,74.09,74.45,19032559,1417018393.12,78241,6512766,34.22,IDFCFIRSTB
2024-08-29,EQ,73.99,74.21,72.94,74.09,73.29,73.23,73.51,18467829,1357642431.16,81626,8746481,47.36,IDFCFIRSTB
2024-08-30,EQ,73.35,74.89,73.35,73.23,73.91,73.84,74.11,29308288,2172178804.7,92972,14821271,50.57,IDFCFIRSTB
2024-09-02,EQ,73.65,75.54,73.32,73.84,74.99,75.01,74.99,38246700,2868199332.69,117274,14880313,38.91,IDFCFIRSTB
2024-09-03,EQ,75.7,75.7,75.0,75.01,75.03,75.07,75.24,20215749,1520938462.65,93265,9992992,49.43,IDFCFIRSTB
2024-09-04,EQ,73.0,74.84,73.0,75.07,74.68,74.65,74.44,25293580,1882963959.29,97998,9388875,37.12,IDFCFIRSTB
2024-09-05,EQ,75.24,75.53,74.67,74.65,74.99,75.04,75.08,16002781,1201477597.86,63574,7005663,43.78,IDFCFIRSTB
2024-09-06,EQ,75.01,75.24,73.41,75.04,73.79,73.66,74.07,26014662,1926894189.3,104804,13836873,53.19,IDFCFIRSTB
2024-09-09,EQ,73.59,74.18,72.1,73.66,72.35,72.62,73.15,49362433,3611035914.04,118453,22855290,46.3,IDFCFIRSTB
2024-09-10,EQ,72.86,73.4,72.0,72.62,72.58,72.59,72.63,25488563,1851342035.17,100643,12077856,47.39,IDFCFIRSTB
2024-09-11,EQ,72.59,72.74,71.36,72.59,71.65,71.52,71.94,33391591,2402124737.12,112379,15415023,46.16,IDFCFIRSTB
2024-09-12,EQ,71.83,72.87,71.83,71.52,72.84,72.77,72.37,18753243,1357177723.16,54125,8942300,47.68,IDFCFIRSTB
2024-09-13,EQ,73.0,74.05,72.77,72.77,73.52,73.42,73.47,20106335,1477237793.19,69261,8457486,42.06,IDFCFIRSTB
2024-09-16,EQ,73.64,74.53,73.36,73.42,73.7,73.74,73.87,20414424,1508042486.12,83077,7711260,37.77,IDFCFIRSTB
2024-09-17,EQ,73.8,73.85,73.01,73.74,73.32,73.28,73.36,14295708,1048729493.94,57505,6308573,44.13,IDFCFIRSTB
2024-09-18,EQ,73.28,73.75,72.08,73.28,72.67,72.79,72.69,56372959,4097552253.97,108458,26925614,47.76,IDFCFIRSTB
2024-09-19,EQ,73.01,74.25,71.16,72.79,74.0,73.82,72.76,41634848,3029367529.63,120293,19595753,47.07,IDFCFIRSTB
2024-09-20,EQ,74.55,74.63,72.56,73.82,72.82,72.83,73.45,42448766,3117736337.74,126842,19265217,45.38,IDFCFIRSTB
2024-09-23,EQ,73.2,74.15,72.83,72.83,74.04,74.02,73.56,29453200,2166706374.78,101832,11997445,40.73,IDFCFIRSTB
2024-09-24,EQ,74.25,74.44,73.5,74.02,73.65,73.68,73.88,20250872,1496205756.55,85898,8726895,43.09,IDFCFIRSTB
2024-09-25,EQ,73.63,73.95,72.56,73.68,73.03,73.02,73.08,19453333,1421570169.05,76424,8102073,41.65,IDFCFIRSTB
2024-09-26,EQ,73.8,74.9,72.36,73.02,74.42,74.03,73.44,43007644,3158412038.03,99513,17408080,40.48,IDFCFIRSTB
2024-09-27,EQ,74.02,74.89,73.8,74.03,74.19,74.19,74.36,34152920,2539693184.5,93193,16660136,48.78,IDFCFIRSTB
2024-09-30,EQ,75.0,76.07,74.09,74.19,74.3,74.35,74.99,54887845,4116179291.42,231032,21050649,38.35,IDFCFIRSTB
2024-10-01,EQ,74.55,75.1,73.25,74.35,73.4,73.44,74.14,20008192,1483439562.36,83816,9059562,45.28,IDFCFIRSTB
2024-10-03,EQ,72.7,73.13,71.42,73.44,72.15,71.98,72.17,28487090,2055958998.67,140811,13909052,48.83,IDFCFIRSTB
2024-10-04,EQ,72.0,72.84,71.25,71.98,72.0,71.83,72.06,23631085,1702805138.44,92527,9124163,38.61,IDFCFIRSTB
2024-10-07,EQ,72.45,72.81,70.41,71.83,72.4,72.22,71.56,33502798,2397556229.88,167383,13838416,41.31,IDFCFIRSTB
2024-10-08,EQ,72.15,73.25,71.75,72.22,73.19,73.13,72.86,28603943,2084100319.08,101922,13787594,48.2,IDFCFIRSTB
2024-10-09,EQ,73.38,73.74,71.8,73.13,72.23,72.39,72.57,120779369,8764546924.98,200711,65162519,53.95,IDFCFIRSTB
2024-10-10,EQ,72.24,73.66,72.24,72.39,73.31,73.14,73.17,25885296,1894144509.81,150851,12580388,48.6,IDFCFIRSTB
2024-10-11,EQ,73.01,73.13,71.88,73.14,72.3,72.37,72.45,18820393,1363514793.14,84085,8461138,44.96,IDFCFIRSTB
2024-10-14,EQ,72.68,73.2,72.38,72.37,72.88,72.94,72.87,21893396,1595416275.78,87820,10444795,47.71,IDFCFIRSTB
2024-10-15,EQ,72.9,73.08,72.51,72.94,72.62,72.74,72.73,10389342,755621783.31,53252,5500510,52.94,IDFCFIRSTB
2024-10-16,EQ,72.5,73.08,72.0,72.74,72.24,72.22,72.62,16787404,1219022958.33,96872,7609404,45.33,IDFCFIRSTB
2024-10-17,EQ,72.22,72.57,71.6,72.22,71.85,71.74,71.98,11642217,837965029.05,66613,5822355,50.01,IDFCFIRSTB
2024-10-18,EQ,71.6,72.07,71.0,71.74,71.55,71.57,71.62,17860612,1279248373.63,130699,8035966,44.99,IDFCFIRSTB
2024-10-21,EQ,71.56,72.03,70.06,71.57,70.18,70.4,71.17,27168829,1933611127.28,117742,9490173,34.93,IDFCFIRSTB
2024-10-22,EQ,70.29,71.0,68.05,70.4,68.19,68.32,69.48,31369822,2179494459.82,160854,14411522,45.94,IDFCFIRSTB
2024-10-23,EQ,68.3,68.69,65.8,68.32,66.55,66.58,66.8,52678039,3518826927.33,222077,23949719,45.46,IDFCFIRSTB
2024-10-24,EQ,66.58,69.07,66.55,66.58,68.15,68.05,67.96,35558564,2416708101.62,127735,14166606,39.84,IDFCFIRSTB
2024-10-25,EQ,67.9,67.9,65.11,68.05,65.57,65.5,65.69,64232367,4219118096.72,196483,31043672,48.33,IDFCFIRSTB
2024-10-28,EQ,61.01,67.7,59.3,65.5,66.5,67.13,63.55,195250197,12407629819.78,300519,77119706,39.5,IDFCFIRSTB
2024-10-29,EQ,66.19,67.99,65.71,67.13,67.56,67.6,66.87,52058227,3480947159.88,148688,23720628,45.57,IDFCFIRSTB
2024-10-30,EQ,67.38,69.55,67.3,67.6,68.73,68.79,68.8,56784457,3906488956.32,141184,26186740,46.12,IDFCFIRSTB
2024-10-31,EQ,69.0,70.59,65.51,68.79,66.05,65.93,67.66,123750951,8373243122.13,216312,61524601,49.72,IDFCFIRSTB
2024-11-01,EQ,66.7,67.62,66.5,65.93,67.34,67.15,67.2,15377877,1033420434.61,76226,6327511,41.15,IDFCFIRSTB
2024-11-04,EQ,67.49,67.49,65.4,67.15,65.66,65.83,66.11,52901289,3497204834.28,155325,24870640,47.01,IDFCFIRSTB
2024-11-05,EQ,65.51,66.5,65.32,65.83,66.33,66.31,66.01,28723426,1896025103.99,95924,13272075,46.21,IDFCFIRSTB
2024-11-06,EQ,66.6,67.14,66.15,66.31,67.0,66.89,66.69,31126506,2075917003.09,112091,15855590,50.94,IDFCFIRSTB
2024-11-07,EQ,67.34,68.12,66.32,66.89,66.46,66.52,67.17,29672215,1993223417.04,86039,14610239,49.24,IDFCFIRSTB
2024-11-08,EQ,66.52,66.68,65.31,66.52,65.65,65.63,65.88,24563138,1618319202.48,95004,12626614,51.4,IDFCFIRSTB
2024-11-11,EQ,65.83,67.0,65.52,65.63,66.5,66.56,66.35,40876112,2712253585.46,113831,21981136,53.78,IDFCFIRSTB
2024-11-12,EQ,66.99,67.19,66.0,66.56,66.04,66.24,66.51,19572073,1301655608.55,91442,10256650,52.4,IDFCFIRSTB
2024-11-13,EQ,66.0,66.14,63.1,66.24,64.27,63.62,64.52,45002825,2903764308.7,184477,20142609,44.76,IDFCFIRSTB
2024-11-14,EQ,64.01,64.85,63.01,63.62,63.49,63.41,63.64,28532246,1815868284.05,108070,12498334,43.8,IDFCFIRSTB
2024-11-18,EQ,63.98,65.8,63.12,63.41,65.56,65.53,64.91,35353480,2294724572.03,120170,15089254,42.68,IDFCFIRSTB
2024-11-19,EQ,65.54,66.5,64.18,65.53,64.48,64.62,65.55,21394881,1402541149.66,74041,9816484,45.88,IDFCFIRSTB
2024-11-21,EQ,64.6,64.6,62.4,64.62,62.97,62.94,63.15,26554050,1676874886.99,117958,10167926,38.29,IDFCFIRSTB
2024-11-22,EQ,63.0,64.81,63.0,62.94,64.18,64.15,64.33,18942154,1218456869.63,69577,7941390,41.92,IDFCFIRSTB
2024-11-25,EQ,65.92,66.14,64.44,64.15,64.77,64.65,65.12,33418900,2176118880.73,110299,19876873,59.48,IDFCFIRSTB
2024-11-26,EQ,64.9,65.36,64.4,64.65,65.03,65.14,64.95,16318615,1059880731.52,66787,6364489,39.0,IDFCFIRSTB
2024-11-27,EQ,65.0,65.02,63.86,65.14,64.25,64.15,64.34,25860956,1663870655.61,109256,10252453,39.64,IDFCFIRSTB
2024-11-28,EQ,64.21,64.95,64.15,64.15,64.35,64.26,64.45,21353214,1376268225.12,72894,9593867,44.93,IDFCFIRSTB
2024-11-29,EQ,64.26,64.75,63.8,64.26,63.99,64.08,64.24,19663862,1263144359.81,72939,8887329,45.2,IDFCFIRSTB
2024-12-02,EQ,64.08,65.16,63.82,64.08,64.4,64.39,64.18,14907199,956695104.35,66279,7256354,48.68,IDFCFIRSTB
2024-12-03,EQ,64.5,65.4,64.4,64.39,65.15,65.2,64.97,20416363,1326355898.33,73158,10217081,50.04,IDFCFIRSTB
2024-12-04,EQ,65.49,66.37,65.0,65.2,66.2,66.21,65.73,23553655,1548154083.94,95963,10893964,46.25,IDFCFIRSTB
2024-12-05,EQ,66.56,66.59,65.67,66.21,65.99,65.96,66.1,15409325,1018546551.67,65180,6841944,44.4,IDFCFIRSTB
2024-12-06,EQ,66.08,66.4,65.55,65.96,65.9,65.9,65.96,18003859,1187523789.72,70675,7035251,39.08,IDFCFIRSTB
2024-12-09,EQ,66.14,66.36,65.13,65.9,65.26,65.22,65.63,16659369,1093427644.11,74685,8310936,49.89,IDFCFIRSTB
2024-12-10,EQ,65.22,66.09,65.0,65.22,65.8,65.87,65.62,25327118,1661880386.69,73240,16299843,64.36,IDFCFIRSTB
2024-12-11,EQ,65.85,65.98,65.12,65.87,65.29,65.2,65.42,15825445,1035353374.66,83468,8751939,55.3,IDFCFIRSTB
2024-12-12,EQ,65.2,65.48,64.17,65.2,64.4,64.33,64.62,15101389,975867458.17,116327,6638320,43.96,IDFCFIRSTB
2024-12-13,EQ,64.33,64.59,63.07,64.33,64.25,64.23,63.77,17510959,1116596553.86,121165,5836470,33.33,IDFCFIRSTB
2024-12-16,EQ,64.37,64.64,63.9,64.23,64.3,64.34,64.24,17026109,1093674624.78,81241,9299082,54.62,IDFCFIRSTB
2024-12-17,EQ,64.3,64.56,63.25,64.34,63.66,63.61,63.77,24846934,1584475578.1,104766,14802490,59.57,IDFCFIRSTB
2024-12-18,EQ,63.6,65.69,63.42,63.61,64.68,64.66,64.8,39542300,2562443223.88,115361,15714818,39.74,IDFCFIRSTB
2024-12-19,EQ,63.7,65.35,63.25,64.66,65.1,65.07,64.56,29266252,1889363297.5,87484,11402847,38.96,IDFCFIRSTB
2024-12-20,EQ,65.02,65.33,61.2,65.07,61.99,61.68,62.81,40780592,2561319344.76,161495,21027049,51.56,IDFCFIRSTB
2024-12-23,EQ,62.7,62.7,61.74,61.68,61.95,61.95,62.16,19227136,1195203884.49,70388,8912932,46.36,IDFCFIRSTB
2024-12-24,EQ,61.99,62.63,61.69,61.95,62.63,62.29,62.11,26296040,1633273202.12,89831,12680168,48.22,IDFCFIRSTB
2024-12-26,EQ,62.41,63.16,61.57,62.29,61.83,61.75,62.12,17750958,1102718712.95,78459,6485391,36.54,IDFCFIRSTB
2024-12-27,EQ,61.9,63.04,61.85,61.75,62.5,62.52,62.46,16810315,1049913771.07,68698,6861401,40.82,IDFCFIRSTB
2024-12-30,EQ,62.74,64.1,62.09,62.52,63.59,63.82,63.48,46044781,2922958757.78,179559,19720521,42.83,IDFCFIRSTB
2024-12-31,EQ,63.5,63.6,62.45,63.82,63.19,63.14,63.14,16044545,1012998371.98,68795,6442908,40.16,IDFCFIRSTB
2025-01-01,EQ,63.29,64.56,62.76,63.14,64.25,64.19,63.81,26552067,1694348246.82,61409,12285829,46.27,IDFCFIRSTB
2025-01-02,EQ,64.3,64.81,63.9,64.19,64.65,64.68,64.39,19616031,1263067280.15,77935,9432068,48.08,IDFCFIRSTB
2025-01-03,EQ,64.36,65.84,64.2,64.68,65.5,65.08,64.74,20805971,1347030450.54,66082,11618295,55.84,IDFCFIRSTB
2025-01-06,EQ,66.01,66.2,62.3,65.08,62.7,62.61,63.76,30933757,1972407514.22,125937,14184182,45.85,IDFCFIRSTB
2025-01-07,EQ,62.92,63.34,62.31,62.61,62.42,62.44,62.72,14463434,907136697.47,63415,5759621,39.82,IDFCFIRSTB
2025-01-08,EQ,62.6,62.88,61.54,62.44,62.6,62.65,62.11,20249738,1257760155.45,84606,7187824,35.5,IDFCFIRSTB
2025-01-09,EQ,62.33,62.92,61.91,62.65,62.51,62.37,62.31,15053111,937955232.7,62356,7389362,49.09,IDFCFIRSTB
2025-01-10,EQ,62.31,62.47,60.26,62.37,60.5,60.39,61.1,19780398,1208515760.0,97158,9424695,47.65,IDFCFIRSTB
2025-01-13,EQ,60.37,60.66,59.05,60.39,59.36,59.33,59.79,26818363,1603551568.16,111709,12482222,46.54,IDFCFIRSTB
2025-01-14,EQ,60.01,62.39,59.7,59.33,62.15,61.94,61.3,25869399,1585833700.63,105918,10118654,39.11,IDFCFIRSTB
2025-01-15,EQ,62.0,63.3,61.9,61.94,62.14,62.02,62.51,35089619,2193351359.87,78740,14121833,40.25,IDFCFIRSTB
2025-01-16,EQ,62.74,63.38,62.56,62.02,62.64,62.68,62.95,13273141,835509472.13,57253,5866673,44.2,IDFCFIRSTB
2025-01-17,EQ,62.55,62.77,61.55,62.68,62.69,62.56,62.29,15118299,941792668.66,49613,5441701,35.99,IDFCFIRSTB
2025-01-20,EQ,63.0,64.67,62.36,62.56,63.71,63.82,63.56,22704592,1443009646.61,91093,9720538,42.81,IDFCFIRSTB
2025-01-21,EQ,64.0,64.34,62.61,63.82,63.32,63.33,63.27,18784143,1188418487.4,63890,6882846,36.64,IDFCFIRSTB
2025-01-22,EQ,63.34,63.44,61.62,63.33,63.01,62.82,62.44,18763271,1171625117.39,78276,8890576,47.38,IDFCFIRSTB
2025-01-23,EQ,62.77,63.79,62.3,62.82,62.9,63.11,63.1,12498402,788684837.39,49757,4941034,39.53,IDFCFIRSTB
2025-01-24,EQ,62.86,63.86,61.64,63.11,62.17,62.27,62.69,26908160,1686996263.14,82515,9317099,34.63,IDFCFIRSTB
2025-01-27,EQ,59.01,60.1,56.43,62.27,56.9,56.73,57.96,101731537,5896811155.37,332873,39731785,39.06,IDFCFIRSTB
2025-01-28,EQ,57.8,59.35,57.25,56.73,58.3,58.27,58.43,72784826,4252835874.93,136641,28703046,39.44,IDFCFIRSTB
2025-01-29,EQ,58.27,60.0,57.8,58.27,59.98,59.82,58.64,58562492,3434079970.11,97660,30034120,51.29,IDFCFIRSTB
2025-01-30,EQ,59.8,61.9,59.46,59.82,61.1,61.19,61.29,52544708,3220584397.68,134652,16790968,31.96,IDFCFIRSTB
2025-01-31,EQ,61.21,63.77,60.81,61.19,63.29,63.24,62.67,36326174,2276428994.03,76329,18882496,51.98,IDFCFIRSTB
2025-02-01,EQ,63.23,63.5,61.63,63.24,62.03,61.95,62.39,22662533,1413831773.78,71672,9136025,40.31,IDFCFIRSTB
2025-02-03,EQ,61.5,62.77,60.87,61.95,62.2,62.26,62.2,20092486,1249668381.8,57373,9133210,45.46,IDFCFIRSTB
2025-02-04,EQ,62.31,63.37,61.77,62.26,62.18,62.12,62.47,22510221,1406139916.02,109633,11199171,49.75,IDFCFIRSTB
2025-02-05,EQ,62.61,63.74,62.12,62.12,63.29,63.33,63.08,22284144,1405722148.75,64718,13740561,61.66,IDFCFIRSTB
2025-02-06,EQ,63.68,64.05,63.3,63.33,63.9,63.73,63.67,35143795,2237737153.42,59368,26322383,74.9,IDFCFIRSTB
2025-02-07,EQ,63.93,64.5,63.17,63.73,64.35,64.09,64.02,36878678,2361038618.18,96136,21680154,58.79,IDFCFIRSTB
2025-02-10,EQ,64.09,64.29,62.15,64.09,62.95,62.91,62.78,15424981,968390473.99,61722,6118732,39.67,IDFCFIRSTB
2025-02-11,EQ,62.79,63.0,61.28,62.91,61.7,61.64,61.74,25104579,1550048001.64,98513,14622789,58.25,IDFCFIRSTB
2025-02-12,EQ,61.59,62.6,60.21,61.64,62.23,62.16,61.58,20312492,1250860664.78,66939,8279603,40.76,IDFCFIRSTB
2025-02-13,EQ,61.93,62.97,61.15,62.16,61.5,61.49,62.0,16583559,1028104715.26,57565,7760868,46.8,IDFCFIRSTB
2025-02-14,EQ,61.49,61.8,59.88,61.49,60.5,60.6,60.65,19990418,1212469779.84,70025,9307464,46.56,IDFCFIRSTB
2025-02-17,EQ,60.0,61.79,59.11,60.6,61.55,61.5,60.82,20136047,1224707073.64,77147,9280339,46.09,IDFCFIRSTB
2025-02-18,EQ,61.0,61.5,59.04,61.5,59.4,59.52,59.65,18797952,1121279328.79,99697,7908378,42.07,IDFCFIRSTB
2025-02-19,EQ,59.4,60.54,58.93,59.52,59.93,59.99,59.91,14602416,874829409.46,52165,5532457,37.89,IDFCFIRSTB
2025-02-20,EQ,59.85,61.5,59.51,59.99,61.29,61.36,60.84,13556096,824768048.3,52560,5274663,38.91,IDFCFIRSTB
2025-02-21,EQ,61.31,61.85,60.13,61.36,60.5,60.63,60.86,14895745,906507914.31,56571,5961050,40.02,IDFCFIRSTB
2025-02-24,EQ,60.01,60.48,59.48,60.63,59.89,59.9,59.94,13848044,830044612.26,65147,5635407,40.69,IDFCFIRSTB
2025-02-25,EQ,59.9,60.39,58.7,59.9,58.77,58.81,59.38,16301552,968020982.56,60721,6914875,42.42,IDFCFIRSTB
2025-02-27,EQ,59.0,60.46,58.77,58.81,58.98,59.22,59.54,41867624,2492615920.77,133934,17656681,42.17,IDFCFIRSTB
2025-02-28,EQ,58.91,59.0,57.1,59.22,58.55,58.39,58.1,45236034,2628371787.55,138375,25790546,57.01,IDFCFIRSTB
2025-03-03,EQ,58.39,58.84,56.8,58.39,57.83,57.69,57.59,23489353,1352847633.18,100017,9628330,40.99,IDFCFIRSTB
2025-03-04,EQ,57.21,57.95,56.36,57.69,56.99,56.83,57.08,23889634,1363598317.4,70636,10530289,44.08,IDFCFIRSTB
2025-03-05,EQ,56.61,58.05,56.61,56.83,58.0,57.95,57.7,22831309,1317396605.89,59465,12197854,53.43,IDFCFIRSTB
2025-03-06,EQ,58.36,58.62,57.69,57.95,57.78,57.77,58.12,19385683,1126670728.78,84126,8643224,44.59,IDFCFIRSTB
2025-03-07,EQ,57.7,58.17,57.0,57.77,57.34,57.34,57.55,23748724,1366793036.13,77894,9095817,38.3,IDFCFIRSTB
2025-03-10,EQ,57.3,57.59,56.0,57.34,56.17,56.37,56.96,23312506,1327927660.43,74849,10249118,43.96,IDFCFIRSTB
2025-03-11,EQ,55.79,55.93,54.83,56.37,55.5,55.36,55.3,32260533,1784097832.31,89643,13568945,42.06,IDFCFIRSTB
2025-03-12,EQ,55.5,55.79,54.12,55.36,54.67,54.63,54.75,36526320,1999902046.45,73555,17768195,48.64,IDFCFIRSTB
2025-03-13,EQ,54.68,54.98,53.25,54.63,53.3,53.48,54.01,29067199,1569975217.11,96513,15293544,52.61,IDFCFIRSTB
2025-03-17,EQ,53.55,53.85,52.6,53.48,52.84,52.89,53.16,32595330,1732891674.03,93249,16063272,49.28,IDFCFIRSTB
2025-03-18,EQ,53.1,54.74,52.93,52.89,54.69,54.62,54.09,29237967,1581417911.12,69118,14787121,50.58,IDFCFIRSTB
2025-03-19,EQ,54.7,55.85,54.32,54.62,55.45,55.42,55.25,24804248,1370359472.67,67092,11103240,44.76,IDFCFIRSTB
2025-03-20,EQ,55.68,56.2,55.55,55.42,55.81,55.71,55.9,24696227,1380483881.04,86171,11265748,45.62,IDFCFIRSTB
2025-03-21,EQ,55.75,56.65,55.71,55.71,56.3,56.29,56.19,29785349,1673537194.21,75236,16593165,55.71,IDFCFIRSTB
2025-03-24,EQ,56.6,58.35,56.42,56.29,57.91,57.89,57.56,31577623,1817594805.19,72043,16538745,52.37,IDFCFIRSTB
2025-03-25,EQ,58.09,58.12,56.72,57.89,57.24,57.35,57.38,32231248,1849309133.92,69190,15768730,48.92,IDFCFIRSTB
2025-03-26,EQ,57.34,57.8,56.9,57.35,56.95,57.0,57.2,24634617,1409178268.93,54494,13646894,55.4,IDFCFIRSTB
2025-03-27,EQ,56.84,57.39,56.11,57.0,56.33,56.94,56.86,129936760,7388232632.39,141270,64834247,49.9,IDFCFIRSTB
2025-03-28,EQ,56.5,57.85,54.63,56.94,54.86,54.96,55.87,48926649,2733749853.17,96230,28551610,58.36,IDFCFIRSTB
2025-04-01,EQ,55.05,57.66,54.96,54.96,57.2,57.17,56.96,74364099,4235548618.19,99060,39943303,53.71,IDFCFIRSTB
2025-04-02,EQ,57.97,57.97,56.45,57.17,57.43,57.19,57.05,60058400,3426374401.18,76664,36355637,60.53,IDFCFIRSTB
2025-04-03,EQ,57.0,60.9,56.85,57.19,60.37,60.35,59.23,172219370,10199826440.39,183025,98635458,57.27,IDFCFIRSTB
2025-04-04,EQ,60.5,60.53,57.45,60.35,57.84,57.81,58.18,55966017,3256039784.11,102090,23143932,41.35,IDFCFIRSTB
2025-04-07,EQ,53.25,56.94,52.46,57.81,56.58,56.49,55.98,71727745,4015676865.88,126861,38688546,53.94,IDFCFIRSTB
2025-04-08,EQ,57.65,58.37,56.56,56.49,58.12,57.9,57.54,36894087,2122726375.44,76612,17349679,47.03,IDFCFIRSTB
2025-04-09,EQ,57.56,59.54,57.32,57.9,59.29,59.25,58.56,34043306,1993620721.59,77171,11292758,33.17,IDFCFIRSTB
2025-04-11,EQ,60.42,60.42,59.33,59.25,59.92,59.92,59.86,30463455,1823584250.26,79260,12558730,41.23,IDFCFIRSTB
2025-04-15,EQ,61.01,62.32,60.0,59.92,62.0,61.93,61.42,50904668,3126346623.71,98033,20600516,40.47,IDFCFIRSTB
2025-04-16,EQ,62.3,63.48,61.62,61.93,63.2,63.32,62.65,38895887,2436796499.73,87420,13605645,34.98,IDFCFIRSTB
2025-04-17,EQ,63.0,64.05,60.66,63.32,62.98,63.0,62.6,120605006,7549486171.9,148657,51731375,42.89,IDFCFIRSTB
2025-04-21,EQ,63.85,66.84,63.6,63.0,66.63,66.64,65.95,86917754,5732311794.94,155763,43322303,49.84,IDFCFIRSTB
2025-04-22,EQ,67.01,68.11,66.13,66.64,67.21,67.2,67.35,54806476,3690968877.04,160304,28454384,51.92,IDFCFIRSTB
2025-04-23,EQ,67.99,69.08,67.01,67.2,68.34,68.45,67.96,63973196,4347516112.7,102631,32401767,50.65,IDFCFIRSTB
2025-04-24,EQ,68.4,68.9,67.5,68.45,67.69,67.65,67.94,63643793,4323829184.4,99749,31362761,49.28,IDFCFIRSTB
2025-04-25,EQ,67.7,68.0,65.7,67.65,65.99,66.08,66.45,47589266,3162080547.57,98988,21348310,44.86,IDFCFIRSTB
2025-04-28,EQ,63.52,66.67,63.11,66.08,66.5,66.5,65.45,64646428,4230835830.22,123788,19903304,30.79,IDFCFIRSTB
2025-04-29,EQ,66.5,67.55,65.8,66.5,66.81,66.93,66.82,43968174,2937779912.46,79354,21677260,49.3,IDFCFIRSTB
2025-04-30,EQ,66.3,66.34,64.67,66.93,64.91,64.89,65.29,44736979,2921079712.73,101237,21585405,48.25,IDFCFIRSTB
2025-05-02,EQ,65.0,66.64,64.95,64.89,66.1,66.08,66.16,33867602,2240529512.93,106582,14399601,42.52,IDFCFIRSTB
2025-05-05,EQ,66.39,67.74,66.25,66.08,66.91,67.02,67.06,29460326,1975742500.84,90597,14056688,47.71,IDFCFIRSTB
2025-05-06,EQ,66.46,67.35,65.25,67.02,65.39,65.52,66.1,29766355,1967624993.43,85666,14846628,49.88,IDFCFIRSTB
2025-05-07,EQ,64.05,67.3,63.95,65.52,66.96,66.96,66.62,58300609,3884270576.35,89045,33595926,57.63,IDFCFIRSTB
2025-05-08,EQ,66.61,69.0,66.07,66.96,66.25,66.42,67.91,52980809,3597935915.42,105764,24853338,46.91,IDFCFIRSTB
2025-05-09,EQ,65.0,66.96,65.0,66.42,66.22,66.21,66.19,29317280,1940443368.78,73371,13196666,45.01,IDFCFIRSTB
2025-05-12,EQ,68.75,69.59,68.02,66.21,69.13,69.08,68.91,35272346,2430793182.85,91989,16501845,46.78,IDFCFIRSTB
2025-05-13,EQ,69.0,69.7,68.75,69.08,69.09,69.0,69.22,23069930,1596895951.54,52679,11207687,48.58,IDFCFIRSTB
2025-05-14,EQ,69.1,69.59,68.55,69.0,69.48,69.47,69.19,24426755,1690099495.59,82626,13384325,54.79,IDFCFIRSTB
2025-05-15,EQ,69.47,69.99,68.88,69.47,69.39,69.48,69.4,19898533,1380889019.06,56413,9429139,47.39,IDFCFIRSTB
2025-05-16,EQ,69.45,70.17,69.06,69.48,69.2,69.26,69.41,15263099,1059468798.18,66247,6351270,41.61,IDFCFIRSTB
2025-05-19,EQ,69.2,69.48,68.51,69.26,68.79,68.66,69.02,17398028,1200784914.67,83347,8106896,46.6,IDFCFIRSTB
2025-05-20,EQ,68.55,68.85,66.91,68.66,67.18,67.18,67.7,16246677,1099855023.98,77817,7199432,44.31,IDFCFIRSTB
2025-05-21,EQ,67.1,67.2,65.75,67.18,66.8,66.67,66.54,21212180,1411541459.23,78511,8048217,37.94,IDFCFIRSTB
2025-05-22,EQ,66.65,67.13,66.21,66.67,66.87,66.87,66.63,14134213,941709241.67,60990,6110526,43.23,IDFCFIRSTB
2025-05-23,EQ,66.87,67.4,66.56,66.87,67.04,67.09,67.04,12682631,850223756.27,45032,6736679,53.12,IDFCFIRSTB
2025-05-26,EQ,67.09,67.5,66.39,67.09,66.59,66.62,66.78,18156503,1212567285.33,69911,10865148,59.84,IDFCFIRSTB
2025-05-27,EQ,66.6,68.37,65.95,66.62,68.2,68.12,67.42,22780571,1535938985.6,65108,10240991,44.95,IDFCFIRSTB
2025-05-28,EQ,68.49,68.7,67.66,68.12,68.08,67.99,68.14,29126509,1984701381.55,68801,16907515,58.05,IDFCFIRSTB
2025-05-29,EQ,68.16,68.45,67.25,67.99,68.05,67.9,67.84,42338882,2872412010.56,73512,27498835,64.95,IDFCFIRSTB
2025-05-30,EQ,67.9,68.59,67.4,67.9,68.1,67.97,67.97,45498615,3092706442.6,81415,32674687,71.81,IDFCFIRSTB
2025-06-02,EQ,67.97,69.15,67.84,67.97,68.66,68.69,68.59,16427405,1126825436.99,54383,6871071,41.83,IDFCFIRSTB
2025-06-03,EQ,68.7,69.02,66.64,68.69,66.85,66.98,67.69,37173312,2516411100.8,95488,19305219,51.93,IDFCFIRSTB
2025-06-04,EQ,67.08,67.55,66.44,66.98,67.48,67.49,67.1,25137565,1686789789.01,59691,14035663,55.84,IDFCFIRSTB
2025-06-05,EQ,67.75,67.76,66.49,67.49,66.81,66.8,66.91,25068333,1677426548.56,69021,15561444,62.08,IDFCFIRSTB
2025-06-06,EQ,66.81,72.27,66.59,66.8,71.5,71.55,70.81,121734090,8620434727.31,195197,49463162,40.63,IDFCFIRSTB
2025-06-09,EQ,72.5,73.09,71.93,71.55,72.16,72.31,72.55,60883517,4417389141.32,160803,36561973,60.05,IDFCFIRSTB
2025-06-10,EQ,72.49,72.65,71.28,72.31,71.32,71.42,71.75,18642346,1337666436.49,77001,8715271,46.75,IDFCFIRSTB
2025-06-11,EQ,71.2,72.23,70.91,71.42,71.31,71.3,71.43,13605618,971876634.86,62447,5516825,40.55,IDFCFIRSTB
2025-06-12,EQ,71.3,71.43,70.45,71.3,70.79,70.85,70.91,20500928,1453807502.94,79193,11913587,58.11,IDFCFIRSTB
2025-06-13,EQ,69.1,71.0,69.1,70.85,70.3,70.44,70.29,43468185,3055350755.72,76484,25516618,58.7,IDFCFIRSTB
2025-06-16,EQ,70.0,71.05,69.22,70.44,70.9,70.9,70.26,18132074,1273876184.59,77512,9141657,50.42,IDFCFIRSTB
2025-06-17,EQ,70.89,71.6,69.71,70.9,69.99,70.15,70.63,24435026,1725904949.15,75247,14251525,58.32,IDFCFIRSTB
2025-06-18,EQ,70.58,71.48,69.7,70.15,70.85,70.78,70.84,21216968,1502967019.21,59728,9652101,45.49,IDFCFIRSTB
2025-06-19,EQ,70.77,70.85,69.3,70.78,69.48,69.71,70.0,15558407,1089045033.14,65636,7045778,45.29,IDFCFIRSTB
2025-06-20,EQ,69.5,70.4,69.45,69.71,70.11,70.19,70.05,21742816,1523035934.11,56530,10416114,47.91,IDFCFIRSTB
2025-06-23,EQ,69.3,71.25,69.3,70.19,71.04,71.01,70.71,23768809,1680711316.0,62673,11568890,48.67,IDFCFIRSTB
2025-06-24,EQ,71.5,72.45,71.2,71.01,72.0,72.02,71.93,26953380,1938768978.05,76997,11795087,43.76,IDFCFIRSTB
2025-06-25,EQ,72.25,72.5,71.57,72.02,72.01,72.1,71.98,15436515,1111064396.46,54109,7767532,50.32,IDFCFIRSTB
2025-06-26,EQ,72.15,72.34,71.4,72.1,71.85,71.9,71.85,29699772,2133899875.37,75677,14768471,49.73,IDFCFIRSTB
2025-06-27,EQ,72.0,73.16,71.68,71.9,72.38,72.36,72.5,32534083,2358668796.07,81371,18210860,55.97,IDFCFIRSTB
2025-06-30,EQ,72.38,73.35,72.21,72.36,72.77,72.84,72.78,18465058,1343888085.54,83496,9130261,49.45,IDFCFIRSTB
2025-07-01,EQ,73.25,77.39,73.25,72.84,77.1,77.24,76.17,129486596,9863441092.16,279177,47583595,36.75,IDFCFIRSTB
2025-07-02,EQ,77.25,77.55,76.82,77.24,77.03,77.25,77.13,37592039,2899492286.79,96559,18896941,50.27,IDFCFIRSTB
2025-07-03,EQ,77.4,77.84,76.95,77.25,77.44,77.66,77.49,33916039,2628318576.01,97016,17753206,52.34,IDFCFIRSTB
2025-07-04,EQ,78.15,78.45,77.16,77.66,77.95,77.88,77.89,30198806,2352177437.73,84316,16231318,53.75,IDFCFIRSTB
2025-07-07,EQ,77.5,78.3,77.22,77.88,77.53,77.71,77.74,26165428,2034058683.78,81356,15296992,58.46,IDFCFIRSTB
2025-07-08,EQ,77.71,78.02,77.25,77.71,77.84,77.86,77.71,25588562,1988555611.74,64982,15938783,62.29,IDFCFIRSTB
2025-07-09,EQ,78.0,78.0,77.15,77.86,77.26,77.45,77.47,19300752,1495285033.22,56701,12779696,66.21,IDFCFIRSTB
2025-07-10,EQ,77.8,78.04,76.3,77.45,76.59,76.63,77.34,25762507,1992417864.06,58183,14137130,54.87,IDFCFIRSTB
2025-07-11,EQ,76.59,76.69,74.75,76.63,75.12,75.23,75.4,16515100,1245291215.33,83746,7731686,46.82,IDFCFIRSTB
2025-07-14,EQ,75.2,76.35,72.6,75.23,74.49,74.27,74.41,33762394,2512164795.62,110893,11938917,35.36,IDFCFIRSTB
2025-07-15,EQ,74.15,74.76,72.7,74.27,73.05,72.93,73.25,29258552,2143073484.87,96784,14858099,50.78,IDFCFIRSTB
2025-07-16,EQ,73.0,74.48,73.0,72.93,73.69,73.86,73.83,18913170,1396293026.96,67595,7612678,40.25,IDFCFIRSTB
2025-07-17,EQ,74.0,74.16,73.32,73.86,73.48,73.48,73.68,18737669,1380592651.36,84526,10840137,57.85,IDFCFIRSTB
2025-07-18,EQ,73.46,73.72,72.75,73.48,73.05,73.09,73.14,15997903,1170023492.67,72779,8949985,55.94,IDFCFIRSTB
2025-07-21,EQ,73.0,74.35,72.41,73.09,74.08,73.99,73.66,18939003,1395118351.27,83021,7557022,39.9,IDFCFIRSTB
2025-07-22,EQ,74.0,74.1,72.25,73.99,72.35,72.44,72.97,11850067,864697450.94,57772,5426824,45.8,IDFCFIRSTB
2025-07-23,EQ,72.59,73.2,71.83,72.44,72.69,72.7,72.54,16255180,1179210497.25,61348,7954255,48.93,IDFCFIRSTB
2025-07-24,EQ,72.69,73.04,72.33,72.7,72.93,72.89,72.76,14860639,1081199024.65,47544,9981703,67.17,IDFCFIRSTB
2025-07-25,EQ,72.59,72.59,70.51,72.89,70.63,70.7,71.11,16659670,1184722217.47,74397,7652323,45.93,IDFCFIRSTB
2025-07-28,EQ,69.89,71.55,69.23,70.7,70.7,70.72,70.66,36297662,2564679491.23,79352,14405173,39.69,IDFCFIRSTB
2025-07-29,EQ,70.46,71.49,70.21,70.72,70.32,70.31,70.62,16716062,1180455233.93,47681,6815613,40.77,IDFCFIRSTB
2025-07-30,EQ,70.31,70.31,69.02,70.31,69.24,69.24,69.51,16071445,1117205446.28,62705,6542122,40.71,IDFCFIRSTB
2025-07-31,EQ,68.5,69.62,68.23,69.24,68.77,68.76,68.93,22673335,1562980475.04,86116,10243597,45.18,IDFCFIRSTB
2025-08-01,EQ,68.9,68.95,67.46,68.76,67.65,67.58,68.02,13817940,939936437.84,65198,6938198,50.21,IDFCFIRSTB
2025-08-04,EQ,67.58,69.46,67.3,67.58,69.28,69.33,68.61,16448393,1128468061.39,70435,8810453,53.56,IDFCFIRSTB
2025-08-05,EQ,69.63,69.71,68.92,69.33,69.38,69.33,69.33,10949883,759104050.58,48784,5418217,49.48,IDFCFIRSTB
2025-08-06,EQ,69.49,69.64,68.22,69.33,68.85,68.74,68.87,12903967,888729405.33,49911,5460923,42.32,IDFCFIRSTB
2025-08-07,EQ,68.3,69.49,67.62,68.74,69.28,69.23,68.42,13467202,921482003.36,65096,6139667,45.59,IDFCFIRSTB
2025-08-08,EQ,69.23,70.37,68.82,69.23,69.05,69.11,69.51,12792924,889270775.41,59763,5861760,45.82,IDFCFIRSTB
2025-08-11,EQ,69.11,70.17,69.11,69.11,69.74,69.68,69.7,12840750,894991654.1,70474,5543866,43.17,IDFCFIRSTB
2025-08-12,EQ,69.9,70.2,69.0,69.68,69.09,69.06,69.55,10167500,707101502.97,58875,4626008,45.5,IDFCFIRSTB
2025-08-13,EQ,69.13,70.34,69.13,69.06,69.84,69.9,69.97,13878553,971124298.51,56586,7758720,55.9,IDFCFIRSTB
2025-08-14,EQ,69.9,70.0,68.56,69.9,68.82,68.77,69.04,12414379,857131894.87,57416,6235813,50.23,IDFCFIRSTB
2025-08-18,EQ,68.84,70.4,68.83,68.77,69.93,69.9,69.96,24069098,1683786957.24,69431,13326144,55.37,IDFCFIRSTB
2025-08-19,EQ,69.76,71.6,69.65,69.9,71.28,71.29,70.7,19496992,1378488048.18,61630,10413727,53.41,IDFCFIRSTB
2025-08-20,EQ,70.91,71.7,70.91,71.29,71.2,71.25,71.34,8584487,612396706.96,54281,4096044,47.71,IDFCFIRSTB
2025-08-21,EQ,71.21,71.25,69.9,71.25,70.09,70.08,70.6,10786733,761547741.96,57017,5509838,51.08,IDFCFIRSTB
2025-08-22,EQ,69.6,70.45,69.47,70.08,69.6,69.68,69.95,15433275,1079605978.88,51890,9003448,58.34,IDFCFIRSTB
2025-08-25,EQ,69.6,70.45,69.53,69.68,70.27,70.28,70.17,14729478,1033619260.7,54811,9967658,67.67,IDFCFIRSTB
2025-08-26,EQ,69.97,70.23,68.55,70.28,68.67,68.76,69.08,16470005,1137762189.59,75653,9671076,58.72,IDFCFIRSTB
2025-08-28,EQ,68.76,69.27,67.9,68.76,68.33,68.05,68.42,28319230,1937616208.73,100923,16652260,58.8,IDFCFIRSTB
2025-08-29,EQ,68.0,69.3,67.8,68.05,68.08,67.99,68.45,20587732,1409270770.19,74890,12819188,62.27,IDFCFIRSTB
2025-09-01,EQ,68.0,69.09,67.57,67.99,68.94,68.94,68.61,14918938,1023598591.1,59387,8259411,55.36,IDFCFIRSTB
2025-09-02,EQ,68.94,70.3,68.76,68.94,69.44,69.49,69.69,15182005,1057976662.93,61184,8575944,56.49,IDFCFIRSTB
2025-09-03,EQ,69.44,70.72,69.38,69.49,70.51,70.59,70.19,20534660,1441392298.61,49125,13476956,65.63,IDFCFIRSTB
2025-09-04,EQ,71.08,72.36,70.37,70.59,72.1,72.23,71.79,39607790,2843258086.21,89133,24314945,61.39,IDFCFIRSTB
2025-09-05,EQ,72.54,73.24,72.1,72.23,72.63,72.6,72.71,22699792,1650559325.9,70308,11941362,52.61,IDFCFIRSTB
2025-09-08,EQ,72.6,73.15,72.07,72.6,72.43,72.27,72.63,14592689,1059875863.31,58944,6143009,42.1,IDFCFIRSTB
2025-09-09,EQ,72.4,73.65,72.2,72.27,73.55,73.53,73.36,33394868,2449769772.95,70792,23280018,69.71,IDFCFIRSTB
2025-09-10,EQ,73.53,73.99,72.56,73.53,72.69,72.69,73.11,15940386,1165463651.72,70102,8967101,56.25,IDFCFIRSTB
2025-09-11,EQ,72.69,73.04,72.3,72.69,72.48,72.44,72.6,7368243,534907924.7,38893,4147407,56.29,IDFCFIRSTB
2025-09-12,EQ,72.8,72.81,71.95,72.44,72.0,72.04,72.16,8897944,642032788.51,52959,5568738,62.58,IDFCFIRSTB
2025-09-15,EQ,72.0,72.43,71.47,72.04,71.56,71.62,71.89,9123219,655872316.83,52387,5133910,56.27,IDFCFIRSTB
2025-09-16,EQ,71.59,71.8,70.95,71.62,71.6,71.55,71.38,12164809,868347307.56,78526,6344125,52.15,IDFCFIRSTB
2025-09-17,EQ,71.75,72.11,71.5,71.55,71.8,71.84,71.79,9443177,677921513.35,51492,4886767,51.75,IDFCFIRSTB
2025-09-18,EQ,72.17,72.56,71.65,71.84,71.83,71.95,72.06,15331745,1104856494.37,83713,8746465,57.05,IDFCFIRSTB
2025-09-19,EQ,72.0,72.52,71.62,71.95,71.74,71.75,71.98,12449129,896085113.3,79919,6979954,56.07,IDFCFIRSTB
2025-09-22,EQ,71.7,72.13,70.8,71.75,70.9,70.92,71.59,16594479,1187966911.84,67643,9304123,56.07,IDFCFIRSTB
2025-09-23,EQ,70.92,71.49,70.45,70.92,70.6,70.51,70.79,20655395,1462248414.92,59988,13278070,64.28,IDFCFIRSTB
2025-09-24,EQ,70.6,71.31,69.89,70.51,70.09,70.04,70.38,17448652,1228038844.22,64711,10915258,62.56,IDFCFIRSTB
2025-09-25,EQ,69.7,70.35,69.65,70.04,69.7,69.93,70.0,15686056,1098037469.05,68680,8787927,56.02,IDFCFIRSTB
2025-09-26,EQ,69.65,69.84,68.42,69.93,68.65,68.59,68.96,14698569,1013542540.04,67920,8036685,54.68,IDFCFIRSTB
2025-09-29,EQ,68.89,70.15,68.66,68.59,69.69,69.5,69.47,19074934,1325054163.73,55775,12169452,63.8,IDFCFIRSTB
2025-09-30,EQ,69.89,70.25,69.3,69.5,69.89,69.77,69.71,16303775,1136501531.51,62883,8111973,49.76,IDFCFIRSTB
2025-10-01,EQ,69.94,70.56,68.37,69.77,69.0,69.02,69.06,18087902,1249181729.43,69735,7757292,42.89,IDFCFIRSTB
2025-10-03,EQ,68.99,69.77,68.77,69.02,69.15,69.04,69.07,11411405,788229690.21,54969,5355701,46.93,IDFCFIRSTB
2025-10-06,EQ,69.06,71.48,69.06,69.04,71.11,71.09,70.54,24736298,1744873104.39,100826,9584630,38.75,IDFCFIRSTB
2025-10-07,EQ,71.44,72.15,71.06,71.09,71.88,71.99,71.73,21582240,1548036746.33,73757,11192351,51.86,IDFCFIRSTB
2025-10-08,EQ,71.98,72.65,71.23,71.99,71.87,71.99,71.97,20547425,1478825639.87,71783,7554963,36.77,IDFCFIRSTB
2025-10-09,EQ,72.0,73.73,72.0,71.99,73.28,73.45,73.15,24141745,1766057518.54,81456,11316041,46.87,IDFCFIRSTB
2025-10-10,EQ,73.4,74.57,73.16,73.45,74.5,74.43,74.03,33334050,2467737320.18,106578,18476779,55.43,IDFCFIRSTB
2025-10-13,EQ,74.35,74.65,73.5,74.43,73.68,73.71,74.06,19126198,1416416078.16,70830,9816077,51.32,IDFCFIRSTB
2025-10-14,EQ,73.73,74.32,72.58,73.71,72.9,72.8,73.3,29228270,2142371680.46,97853,16554944,56.64,IDFCFIRSTB
2025-10-15,EQ,72.85,74.0,72.83,72.8,72.97,72.97,73.39,20015593,1469028151.85,52820,13336407,66.63,IDFCFIRSTB
2025-10-16,EQ,73.26,73.44,71.71,72.97,71.81,71.79,72.06,27633985,1991283492.17,104254,15236271,55.14,IDFCFIRSTB
2025-10-17,EQ,71.81,72.8,71.71,71.79,71.95,71.88,72.14,23591016,1701968194.88,79978,12304326,52.16,IDFCFIRSTB
2025-10-20,EQ,72.75,77.1,72.61,71.88,76.85,76.93,75.81,103343278,7834544328.88,250342,45811867,44.33,IDFCFIRSTB
2025-10-21,EQ,77.25,77.35,76.5,76.93,76.66,76.77,76.99,10454110,804839205.29,93036,6560591,62.78,IDFCFIRSTB
2025-10-23,EQ,76.8,80.1,76.3,76.77,78.97,78.96,79.09,94119990,7443843277.47,200017,46155520,49.04,IDFCFIRSTB
2025-10-24,EQ,78.96,79.49,77.95,78.96,78.25,78.2,78.56,23937221,1880540153.91,100736,10111434,42.24,IDFCFIRSTB
2025-10-27,EQ,78.2,79.0,77.67,78.2,78.01,78.03,78.27,20561033,1609369836.26,73899,10321133,50.2,IDFCFIRSTB
2025-10-28,EQ,78.17,80.13,78.0,78.03,79.2,79.2,79.03,40381121,3191289075.29,85257,22456622,55.61,IDFCFIRSTB
2025-10-29,EQ,79.2,79.5,78.12,79.2,79.29,79.35,78.95,22727574,1794448623.25,71588,13180009,57.99,IDFCFIRSTB
2025-10-30,EQ,79.3,79.92,78.34,79.35,78.87,78.93,78.83,25915170,2042992138.03,69996,13810517,53.29,IDFCFIRSTB
2025-10-31,EQ,78.73,82.65,78.67,78.93,81.7,81.77,81.45,95666531,7791856674.09,209193,45195449,47.24,IDFCFIRSTB
2025-11-03,EQ,82.0,82.7,81.48,81.77,82.0,81.99,82.01,30069092,2466080349.37,99594,15818586,52.61,IDFCFIRSTB
2025-11-04,EQ,82.0,82.0,80.21,81.99,81.0,81.13,80.94,35458709,2870008682.64,95732,18132803,51.14,IDFCFIRSTB
2025-11-06,EQ,80.74,81.42,79.69,81.13,80.25,80.37,80.52,34775868,2800023723.75,82832,22714835,65.32,IDFCFIRSTB
2025-11-07,EQ,80.0,81.75,78.72,80.37,81.32,81.47,80.32,37744566,3031752556.05,132329,19079516,50.55,IDFCFIRSTB
2025-11-10,EQ,81.48,82.24,80.83,81.47,81.09,81.21,81.41,26774744,2179809918.07,99029,14604878,54.55,IDFCFIRSTB
2025-11-11,EQ,81.2,81.44,79.73,81.21,80.64,80.69,80.48,24238594,1950769282.87,73872,14933979,61.61,IDFCFIRSTB
2025-11-12,EQ,80.94,82.11,80.55,80.69,81.49,81.58,81.4,27920019,2272791774.33,81092,17573797,62.94,IDFCFIRSTB
2025-11-13,EQ,81.58,81.69,79.76,81.58,79.85,80.0,80.67,15615815,1259733395.59,54013,9141429,58.54,IDFCFIRSTB
2025-11-14,EQ,80.0,81.0,79.75,80.0,80.54,80.43,80.41,16081514,1293193274.82,55408,7373161,45.85,IDFCFIRSTB
2025-11-17,EQ,81.01,82.55,80.82,80.43,80.95,81.01,81.6,30289861,2471711213.01,85163,13480498,44.5,IDFCFIRSTB
2025-11-18,EQ,80.99,81.31,79.86,81.01,80.0,80.11,80.65,21603623,1742274371.1,66115,12522388,57.96,IDFCFIRSTB
2025-11-19,EQ,80.0,80.19,78.8,80.11,79.49,79.61,79.63,24234217,1929727220.27,79232,12971704,53.53,IDFCFIRSTB
2025-11-20,EQ,79.61,80.1,78.76,79.61,78.95,78.93,79.32,17097170,1356098521.75,56196,6640004,38.84,IDFCFIRSTB
2025-11-21,EQ,78.93,79.22,78.05,78.93,78.29,78.33,78.6,14859148,1167951860.02,85045,7914168,53.26,IDFCFIRSTB
2025-11-24,EQ,78.33,78.75,77.5,78.33,77.7,77.97,78.12,30982266,2420243378.22,82375,22575399,72.87,IDFCFIRSTB
2025-11-25,EQ,77.9,79.6,77.74,77.97,79.33,79.35,79.06,17823182,1409103790.53,60627,8456427,47.45,IDFCFIRSTB
2025-11-26,EQ,79.51,80.76,79.5,79.35,80.38,80.37,80.42,17479553,1405622865.28,82693,8354703,47.8,IDFCFIRSTB
2025-11-27,EQ,80.38,81.3,79.82,80.37,80.75,80.5,80.49,31427073,2529580882.5,116216,16966430,53.99,IDFCFIRSTB
2025-11-28,EQ,80.75,80.77,79.9,80.5,80.2,80.13,80.18,14855394,1191088644.3,75824,9396286,63.25,IDFCFIRSTB
2025-12-01,EQ,80.49,81.04,79.96,80.13,80.55,80.71,80.65,21543164,1737359574.37,69779,13643256,63.33,IDFCFIRSTB
2025-12-02,EQ,80.55,82.29,80.55,80.71,81.98,81.98,81.94,39182438,3210415632.53,96825,21059920,53.75,IDFCFIRSTB
2025-12-03,EQ,81.98,82.35,79.85,81.98,80.6,80.58,80.77,23829154,1924586826.91,77241,11764776,49.37,IDFCFIRSTB
2025-12-04,EQ,80.27,80.9,79.72,80.58,79.88,79.88,80.27,11925167,957205146.9,52214,6108861,51.23,IDFCFIRSTB
2025-12-05,EQ,79.88,81.36,79.62,79.88,80.86,80.87,80.72,16411050,1324690992.87,57571,6540287,39.85,IDFCFIRSTB
2025-12-08,EQ,80.84,81.65,78.57,80.87,79.0,79.12,79.77,22402560,1787143376.6,70053,10856514,48.46,IDFCFIRSTB
2025-12-09,EQ,78.9,81.15,78.34,79.12,80.8,80.91,80.35,24746063,1988298443.84,74185,13070432,52.82,IDFCFIRSTB
2025-12-10,EQ,80.8,81.24,80.13,80.91,80.22,80.32,80.73,8956085,722984292.46,46583,3727132,41.62,IDFCFIRSTB
2025-12-11,EQ,80.32,81.66,80.16,80.32,80.56,80.61,80.89,13884073,1123075399.13,47932,6129560,44.15,IDFCFIRSTB
2025-12-12,EQ,80.62,82.82,80.62,80.61,82.29,82.29,81.97,35682799,2924819420.96,82869,20489517,57.42,IDFCFIRSTB
2025-12-15,EQ,82.19,84.43,81.74,82.29,83.82,83.87,83.7,45772681,3831279800.71,106379,25595886,55.92,IDFCFIRSTB
2025-12-16,EQ,83.34,84.09,83.12,83.87,83.24,83.46,83.53,30568784,2553457016.06,57792,19716107,64.5,IDFCFIRSTB
2025-12-17,EQ,83.31,84.14,83.26,83.46,83.81,83.95,83.66,23931653,2002144632.91,80393,15662633,65.45,IDFCFIRSTB
2025-12-18,EQ,83.89,84.45,82.79,83.95,83.65,83.79,83.75,23184124,1941721996.82,75033,13948441,60.16,IDFCFIRSTB
2025-12-19,EQ,83.8,85.0,83.65,83.79,84.31,84.68,84.57,65501093,5539131042.2,105266,45255710,69.09,IDFCFIRSTB
2025-12-22,EQ,85.0,85.95,84.27,84.68,85.21,85.35,85.48,30004464,2564777514.51,95711,17817416,59.38,IDFCFIRSTB
2025-12-23,EQ,85.71,85.74,84.8,85.35,84.9,85.0,85.21,16676828,1420996613.06,76541,10307776,61.81,IDFCFIRSTB
2025-12-24,EQ,84.76,85.3,84.06,85.0,84.17,84.24,84.71,10955983,928040930.22,63384,6094051,55.62,IDFCFIRSTB
2025-12-26,EQ,84.12,85.3,84.05,84.24,85.1,85.12,85.02,21144747,1797777043.3,82374,12556583,59.38,IDFCFIRSTB
2025-12-29,EQ,85.11,85.7,84.35,85.12,84.5,84.54,84.93,19542116,1659616803.33,118777,12774325,65.37,IDFCFIRSTB
2025-12-30,EQ,84.51,85.38,83.55,84.54,84.5,84.83,84.75,53362514,4522710331.38,152333,39366605,73.77,IDFCFIRSTB
2025-12-31,EQ,84.72,86.0,84.28,84.83,85.5,85.61,85.52,19922297,1703702009.66,69966,10425511,52.33,IDFCFIRSTB
2026-01-01,EQ,85.62,85.84,84.86,85.61,85.76,85.61,85.36,10741268,916892811.96,93543,5791346,53.92,IDFCFIRSTB
2026-01-02,EQ,85.75,87.0,85.47,85.61,85.87,85.92,86.22,25101820,2164281322.49,122744,14552219,57.97,IDFCFIRSTB
2026-01-05,EQ,86.27,86.27,84.46,85.92,84.76,84.93,85.17,14827115,1262877816.4,55579,7626881,51.44,IDFCFIRSTB
2026-01-06,EQ,84.92,86.1,84.3,84.93,84.78,84.73,85.05,18960198,1612473407.94,65005,10006292,52.78,IDFCFIRSTB
2026-01-07,EQ,85.65,86.3,84.2,84.73,84.2,84.4,84.86,42923311,3642403773.51,140449,27892919,64.98,IDFCFIRSTB
2026-01-08,EQ,84.39,86.45,83.38,84.4,85.88,86.07,85.52,62702609,5362384511.45,122353,27993786,44.65,IDFCFIRSTB
2026-01-09,EQ,85.9,86.79,85.07,86.07,85.98,86.0,86.01,31030611,2669021285.96,79357,13917903,44.85,IDFCFIRSTB
2026-01-12,EQ,85.6,86.19,83.61,86.0,84.89,84.77,84.6,29814342,2522337575.05,78693,14643523,49.12,IDFCFIRSTB
2026-01-13,EQ,85.4,85.4,82.27,84.77,82.99,82.96,83.25,24378849,2029428133.12,76077,10998187,45.11,IDFCFIRSTB
2026-01-14,EQ,82.96,83.41,82.3,82.96,83.05,83.07,82.95,13353054,1107654434.91,57210,6460793,48.38,IDFCFIRSTB
2026-01-16,EQ,83.06,84.15,82.98,83.07,83.89,83.79,83.57,16347138,1366160424.11,70262,8641950,52.87,IDFCFIRSTB
2026-01-19,EQ,83.5,84.23,82.41,83.79,82.99,83.12,83.18,13485105,1121723665.33,57835,6564595,48.68,IDFCFIRSTB
2026-01-20,EQ,83.12,83.48,81.74,83.12,81.87,82.09,82.22,18694090,1537024451.63,79208,9729875,52.05,IDFCFIRSTB
2026-01-21,EQ,81.71,82.42,79.62,82.09,81.45,81.51,81.39,29658105,2413803557.78,86367,14067664,47.43,IDFCFIRSTB
2026-01-22,EQ,82.0,84.48,81.9,81.51,84.4,84.2,83.67,39287653,3287240866.32,84193,27643987,70.36,IDFCFIRSTB
2026-01-23,EQ,84.34,85.13,82.33,84.2,82.5,82.99,83.73,30120355,2522097763.87,84467,18224025,60.5,IDFCFIRSTB
2026-01-27,EQ,82.99,83.97,81.6,82.99,83.41,83.5,82.96,31871803,2644212612.89,86739,18932021,59.4,IDFCFIRSTB
2026-01-28,EQ,83.94,83.94,81.73,83.5,82.91,82.93,82.56,20226999,1669868113.99,87195,10334692,51.09,IDFCFIRSTB
2026-01-29,EQ,82.97,83.75,82.45,82.93,83.13,83.47,83.22,33904223,2821587502.79,82247,16603245,48.97,IDFCFIRSTB
2026-01-30,EQ,82.52,84.5,82.52,83.47,83.5,83.58,83.79,42058731,3524040102.72,87367,29410480,69.93,IDFCFIRSTB
2026-02-01,EQ,84.5,84.5,81.16,83.58,81.99,82.03,82.54,26916246,2221731473.8,88973,10281375,38.2,IDFCFIRSTB
2026-02-02,EQ,82.08,82.4,79.38,82.03,81.43,81.21,80.28,35455846,2846434106.32,92417,16523591,46.6,IDFCFIRSTB
2026-02-03,EQ,84.61,85.98,83.4,81.21,84.8,84.85,84.52,34975303,2956007979.13,89832,18985524,54.28,IDFCFIRSTB
2026-02-04,EQ,84.8,85.29,84.04,84.85,85.0,85.14,84.74,23063205,1954290145.81,90813,11359791,49.26,IDFCFIRSTB
2026-02-05,EQ,85.0,85.8,84.67,85.14,85.11,85.48,85.36,27129853,2315747778.47,75306,15979374,58.9,IDFCFIRSTB
2026-02-06,EQ,85.3,85.8,84.15,85.48,84.95,85.11,84.85,17886315,1517600573.55,74503,9554189,53.42,IDFCFIRSTB
2026-02-09,EQ,85.16,85.51,84.44,85.11,84.72,84.76,84.87,17020935,1444627040.06,78886,9502104,55.83,IDFCFIRSTB
2026-02-10,EQ,84.84,84.98,83.53,84.76,83.9,83.77,84.02,16522740,1388257323.58,61109,9683615,58.61,IDFCFIRSTB
2026-02-11,EQ,83.9,84.09,82.12,83.77,82.4,82.56,82.77,21018851,1739669146.39,62400,11464580,54.54,IDFCFIRSTB
2026-02-12,EQ,82.95,83.05,81.25,82.56,82.0,82.15,81.95,12367406,1013526087.22,64018,5009344,40.5,IDFCFIRSTB
2026-02-13,EQ,81.78,82.35,80.01,82.15,81.42,81.54,81.16,14207864,1153092127.98,61365,5802423,40.84,IDFCFIRSTB
2026-02-16,EQ,81.01,83.11,80.93,81.54,82.8,82.91,82.29,11738223,965880141.07,48791,5655941,48.18,IDFCFIRSTB
2026-02-17,EQ,82.29,83.5,82.0,82.91,82.99,83.35,82.63,19451127,1607260332.83,297100,10666874,54.84,IDFCFIRSTB
2026-02-18,EQ,83.35,85.55,82.65,83.35,85.35,84.61,84.27,27410289,2309806182.66,55799,19067539,69.56,IDFCFIRSTB
2026-02-19,EQ,84.94,86.19,82.25,84.61,82.6,82.98,84.5,29470408,2490354893.4,101111,13684366,46.43,IDFCFIRSTB
2026-02-20,EQ,82.6,83.8,82.3,82.98,83.25,83.51,83.29,11974786,997327980.34,44390,4644993,38.79,IDFCFIRSTB
2026-02-23,EQ,75.16,75.16,66.8,83.51,70.09,70.04,68.91,621433698,42824662895.3,653701,202056656,32.51,IDFCFIRSTB
2026-02-24,EQ,69.89,72.24,68.5,70.04,70.75,70.97,70.23,321537145,22581139977.42,672574,91053666,28.32,IDFCFIRSTB
2026-02-25,EQ,71.55,71.68,69.82,70.97,70.16,70.22,70.46,90865348,6402097536.1,189872,30389441,33.44,IDFCFIRSTB
2026-02-26,EQ,70.22,73.16,69.85,70.22,72.74,72.81,72.18,142273285,10269134163.32,213566,51893568,36.47,IDFCFIRSTB
2026-02-27,EQ,72.91,73.8,71.91,72.81,73.28,73.48,73.18,73495422,5378515996.45,137273,27908401,37.97,IDFCFIRSTB
2026-03-02,EQ,70.5,73.25,70.31,73.48,71.85,71.78,72.03,60516758,4359263709.63,138478,25028965,41.36,IDFCFIRSTB
2026-03-04,EQ,70.23,71.2,69.65,71.78,70.05,70.06,70.28,40216153,2826405965.02,150640,15950774,39.66,IDFCFIRSTB
2026-03-05,EQ,70.59,71.17,69.93,70.06,70.5,70.4,70.45,33311916,2346659197.28,133914,13230925,39.72,IDFCFIRSTB
2026-03-06,EQ,70.4,71.27,69.77,70.4,70.0,69.98,70.52,23163809,1633424924.66,86092,9568493,41.31,IDFCFIRSTB
2026-03-09,EQ,68.5,68.5,66.0,69.98,66.84,66.76,66.62,55090634,3670007857.46,282485,23142132,42.01,IDFCFIRSTB
2026-03-10,EQ,66.4,67.6,65.52,66.76,67.45,67.27,66.77,66454955,4437012834.55,159113,19691424,29.63,IDFCFIRSTB
2026-03-11,EQ,67.46,67.87,65.8,67.27,65.92,66.16,66.87,29543962,1975623208.89,108497,12030179,40.72,IDFCFIRSTB
2026-03-12,EQ,65.0,65.68,64.12,66.16,64.86,64.78,64.96,34060333,2212667897.39,127833,12350682,36.26,IDFCFIRSTB
2026-03-13,EQ,64.3,64.6,61.99,64.78,62.55,62.57,62.92,44917770,2826138728.19,160250,17781864,39.59,IDFCFIRSTB
2026-03-16,EQ,62.49,63.2,61.3,62.57,62.79,62.81,62.18,43729894,2719303884.29,154111,20462475,46.79,IDFCFIRSTB
2026-03-17,EQ,63.1,63.84,62.39,62.81,63.7,63.66,63.19,21678024,1369806009.58,80946,8667677,39.98,IDFCFIRSTB
2026-03-18,EQ,63.86,65.39,63.66,63.66,65.3,65.26,64.82,25946235,1681893426.37,75472,10755296,41.45,IDFCFIRSTB
2026-03-19,EQ,64.0,64.23,62.23,65.26,62.9,62.61,62.92,31046018,1953428340.3,116926,12505718,40.28,IDFCFIRSTB
2026-03-20,EQ,62.92,63.88,62.74,62.61,63.03,62.95,63.24,28941537,1830132879.46,71076,15266205,52.75,IDFCFIRSTB
2026-03-23,EQ,62.47,62.47,59.94,62.95,60.1,60.24,60.62,40208242,2437440111.45,173317,20405487,50.75,IDFCFIRSTB
2026-03-24,EQ,61.63,62.45,60.95,60.24,62.04,62.09,61.81,24090882,1489129027.12,82332,9740009,40.43,IDFCFIRSTB
2026-03-25,EQ,62.5,63.55,62.5,62.09,63.25,63.24,63.13,26510428,1673556863.22,84899,11998500,45.26,IDFCFIRSTB
2026-03-27,EQ,62.99,63.04,61.44,63.24,61.84,61.87,61.84,57163040,3535045940.2,115055,33655410,58.88,IDFCFIRSTB
2026-03-30,EQ,60.92,61.2,58.67,61.87,58.85,58.85,59.51,57394663,3415502458.08,152629,25493193,44.42,IDFCFIRSTB
2026-04-01,EQ,60.84,61.2,59.9,58.85,60.23,60.18,60.51,32422944,1961803911.61,98413,14882292,45.9,IDFCFIRSTB
2026-04-02,EQ,59.56,60.55,58.08,60.18,60.49,60.22,58.98,25908484,1528080314.26,95690,9538011,36.81,IDFCFIRSTB
2026-04-06,EQ,60.51,61.29,59.17,60.22,61.24,61.08,60.17,41063566,2470665648.39,79783,15164791,36.93,IDFCFIRSTB
2026-04-07,EQ,61.0,61.5,60.21,61.08,61.19,61.19,61.02,21417493,1306887265.85,76173,7483679,34.94,IDFCFIRSTB
2026-04-08,EQ,63.99,66.21,63.0,61.19,66.13,65.87,64.7,42736119,2765029672.46,84245,16812131,39.34,IDFCFIRSTB
2026-04-09,EQ,65.86,66.25,64.95,65.87,65.24,65.28,65.5,19666295,1288077432.05,54027,6600848,33.56,IDFCFIRSTB
2026-04-10,EQ,65.14,66.52,65.14,65.28,66.3,66.21,66.05,20096635,1327371706.29,65872,6582291,32.75,IDFCFIRSTB
2026-04-13,EQ,64.49,65.15,63.24,66.21,65.02,64.86,64.47,19477821,1255746098.59,80887,6290957,32.3,IDFCFIRSTB
2026-04-15,EQ,66.02,67.24,66.02,64.86,66.85,66.91,66.91,18463399,1235332103.77,69815,8645724,46.83,IDFCFIRSTB
2026-04-16,EQ,67.27,68.44,67.11,66.91,67.8,67.82,67.85,35142366,2384479230.78,90991,16765136,47.71,IDFCFIRSTB
2026-04-17,EQ,67.8,68.8,67.3,67.82,68.45,68.53,68.3,16355291,1117014031.19,59980,6298584,38.51,IDFCFIRSTB
2026-04-20,EQ,68.62,68.68,67.29,68.53,67.41,67.5,67.89,15818282,1073856521.21,75279,6230190,39.39,IDFCFIRSTB
2026-04-21,EQ,67.51,68.4,67.51,67.5,68.24,67.94,68.1,10588919,721138678.04,52411,4131306,39.02,IDFCFIRSTB
2026-04-22,EQ,67.94,68.58,67.6,67.94,68.4,68.38,68.24,16016883,1093015971.43,60975,7445503,46.49,IDFCFIRSTB
2026-04-23,EQ,67.5,68.45,67.46,68.38,67.87,67.83,67.97,19979812,1357938252.44,65837,9594527,48.02,IDFCFIRSTB
2026-04-24,EQ,67.83,68.64,66.69,67.83,67.39,67.23,67.54,16910557,1142157160.36,59749,6890515,40.75,IDFCFIRSTB
2026-04-27,EQ,67.86,70.49,67.85,67.23,70.45,70.27,69.42,49051353,3405047472.36,118798,20181866,41.14,IDFCFIRSTB
2026-04-28,EQ,69.68,69.98,68.5,70.27,68.95,68.71,69.08,25640804,1771268309.53,66438,9780184,38.14,IDFCFIRSTB
2026-04-29,EQ,69.02,71.15,68.55,68.71,70.0,70.15,70.2,35995299,2526829185.47,78047,14853662,41.27,IDFCFIRSTB
2026-04-30,EQ,69.7,70.0,68.93,70.15,69.75,69.64,69.51,24354003,1692803960.68,73308,11485865,47.16,IDFCFIRSTB
2026-05-04,EQ,70.07,70.72,69.23,69.64,69.75,69.59,69.99,20416007,1428963881.94,77606,11485600,56.26,IDFCFIRSTB
2026-05-05,EQ,69.51,69.59,68.36,69.59,68.84,68.75,68.91,15316962,1055491800.99,52260,6452906,42.13,IDFCFIRSTB
2026-05-06,EQ,69.5,70.69,68.4,68.75,69.57,69.59,69.48,31381072,2180299900.65,77468,17367930,55.35,IDFCFIRSTB
2026-05-07,EQ,69.91,71.0,69.15,69.59,70.81,70.39,69.92,24250509,1695611941.98,68602,11190989,46.15,IDFCFIRSTB
2026-05-08,EQ,70.39,71.45,69.91,70.39,71.19,71.27,70.79,21083557,1492487379.58,65113,8941000,42.41,IDFCFIRSTB
2026-05-11,EQ,70.65,70.78,69.1,71.27,69.25,69.22,69.64,17821878,1241055707.27,82471,8214086,46.09,IDFCFIRSTB
2026-05-12,EQ,69.01,69.27,67.53,69.22,67.81,67.68,68.17,16597687,1131485181.68,80204,7181314,43.27,IDFCFIRSTB
2026-05-13,EQ,67.5,69.49,67.5,67.68,68.2,68.3,68.78,16610311,1142433470.12,90487,7128123,42.91,IDFCFIRSTB
2026-05-14,EQ,68.52,68.95,67.25,68.3,68.7,68.54,68.36,34531922,2360707700.31,84710,18575792,53.79,IDFCFIRSTB
2026-05-15,EQ,68.25,68.54,66.61,68.54,67.69,67.65,67.6,30331682,2050415061.84,99569,11348743,37.42,IDFCFIRSTB
2026-05-18,EQ,67.3,67.84,66.16,67.65,67.65,67.59,66.92,20705466,1385543571.51,81006,9402082,45.41,IDFCFIRSTB
2026-05-19,EQ,67.88,68.59,67.65,67.59,67.71,67.81,68.05,12861176,875170346.87,63202,5510903,42.85,IDFCFIRSTB
2026-05-20,EQ,67.14,68.4,66.72,67.81,68.34,68.21,67.6,16727023,1130818291.87,63122,8092163,48.38,IDFCFIRSTB
2026-05-21,EQ,68.76,68.98,67.72,68.21,68.38,68.3,68.33,12011357,820745394.68,49305,5327217,44.35,IDFCFIRSTB
2026-05-22,EQ,68.39,69.1,68.1,68.3,68.95,68.88,68.61,12717449,872514690.4,47073,5682373,44.68,IDFCFIRSTB
2026-05-25,EQ,69.6,69.95,69.04,68.88,69.4,69.46,69.47,26724761,1856513523.88,64572,15714255,58.8,IDFCFIRSTB
2026-05-26,EQ,69.25,70.33,69.24,69.46,70.25,70.22,69.95,19387715,1356118316.6,75411,9262156,47.77,IDFCFIRSTB
2026-05-27,EQ,70.22,72.35,70.1,70.22,71.9,71.48,70.91,16565002,1174676535.71,52196,7472878,45.11,IDFCFIRSTB
2026-05-29,EQ,71.81,73.08,70.51,71.48,71.2,71.32,71.51,116119106,8303460454.61,146983,79066957,68.09,IDFCFIRSTB
2026-06-01,EQ,71.3,71.81,70.51,71.32,71.2,71.25,71.16,14291113,1016984939.14,60363,5798792,40.58,IDFCFIRSTB
2026-06-02,EQ,70.7,71.73,69.53,71.25,71.46,71.59,70.84,37493683,2656127063.26,69866,20213350,53.91,IDFCFIRSTB
2026-06-03,EQ,71.35,72.07,69.76,71.59,71.9,71.78,71.21,23974665,1707119050.46,49745,12199342,50.88,IDFCFIRSTB
2026-06-04,EQ,71.21,72.77,71.0,71.78,72.3,72.16,72.18,19743553,1425140367.97,56622,9781884,49.54,IDFCFIRSTB
2026-06-05,EQ,72.16,72.9,71.82,72.16,72.4,72.35,72.33,28670926,2073907873.31,56902,13455566,46.93,IDFCFIRSTB
2026-06-08,EQ,72.0,72.71,71.1,72.35,71.22,71.43,72.07,33430683,2409322529.01,71221,15730129,47.05,IDFCFIRSTB
2026-06-09,EQ,72.33,74.5,72.05,71.43,73.7,73.69,73.76,42291787,3119639764.2,105583,13109603,31.0,IDFCFIRSTB
2026-06-10,EQ,73.9,74.17,72.74,73.69,73.15,72.99,73.23,20284845,1485427852.22,50645,11451460,56.45,IDFCFIRSTB
2026-06-11,EQ,72.51,73.55,72.22,72.99,73.16,72.95,72.87,22321129,1626597228.54,49384,10427791,46.72,IDFCFIRSTB
2026-06-12,EQ,73.4,77.39,73.35,72.95,77.0,76.5,75.67,47039199,3559394954.7,86811,29348401,62.39,IDFCFIRSTB
2026-06-15,EQ,78.0,79.09,77.23,76.5,78.3,78.33,78.24,28524089,2231615144.87,69726,10884379,38.16,IDFCFIRSTB
2026-06-16,EQ,78.59,78.75,77.35,78.33,77.72,77.5,77.66,27114472,2105614971.45,51897,16100947,59.38,IDFCFIRSTB
2026-06-17,EQ,77.5,78.37,77.16,77.5,77.27,77.38,77.5,20456804,1585493317.27,49014,11314441,55.31,IDFCFIRSTB
2026-06-18,EQ,77.38,78.4,76.89,77.38,78.01,78.09,77.67,29775446,2312544952.72,50357,14700373,49.37,IDFCFIRSTB
2026-06-19,EQ,77.93,78.93,77.54,78.09,78.6,78.68,78.4,17050266,1336666031.93,54525,8005820,46.95,IDFCFIRSTB
2026-06-22,EQ,78.68,81.46,78.43,78.68,80.55,80.69,80.21,44256995,3549982515.04,107476,22487049,50.81,IDFCFIRSTB
2026-06-23,EQ,80.49,80.65,78.16,80.69,78.71,78.75,79.01,36248907,2864171318.69,75958,19810004,54.65,IDFCFIRSTB
2026-06-24,EQ,78.42,79.6,78.33,78.75,79.26,79.2,79.06,14232020,1125253263.07,41969,6256859,43.96,IDFCFIRSTB
2026-06-25,EQ,79.26,80.29,79.12,79.2,79.39,79.22,79.56,13831461,1100487111.14,43546,6168070,44.59,IDFCFIRSTB
2026-06-29,EQ,79.0,79.94,77.88,79.22,78.53,78.2,78.51,58108109,4562265660.19,111215,40857320,70.31,IDFCFIRSTB
2026-06-30,EQ,78.39,79.73,78.13,78.2,79.3,79.49,79.03,30193040,2386175664.74,83070,18540265,61.41,IDFCFIRSTB
2026-07-01,EQ,79.25,79.42,78.4,79.49,78.91,78.93,78.85,15942043,1256981347.61,55263,9503244,59.61,IDFCFIRSTB
2026-07-02,EQ,78.9,79.79,78.56,78.93,79.32,79.52,79.2,24581312,1946848376.96,55977,16176624,65.81,IDFCFIRSTB
2026-07-03,EQ,79.66,81.3,79.21,79.52,80.6,80.46,80.18,24932753,1999139007.58,70783,8936820,35.84,IDFCFIRSTB
2026-07-06,EQ,80.5,81.76,79.7,80.46,81.12,81.14,80.98,22125958,1791748431.29,69533,8545217,38.62,IDFCFIRSTB
2026-07-07,EQ,81.12,81.77,80.22,81.14,80.59,80.43,80.79,16245821,1312570518.41,61109,7988975,49.18,IDFCFIRSTB
2026-07-08,EQ,80.1,80.72,77.47,80.43,78.0,77.82,79.0,20844974,1646774374.42,65337,10528506,50.51,IDFCFIRSTB
2026-07-09,EQ,77.98,79.75,77.91,77.82,79.7,79.46,79.06,11084077,876328947.54,50026,4899903,44.21,IDFCFIRSTB
2026-07-10,EQ,79.9,81.37,79.79,79.46,80.7,80.83,80.92,14703154,1189775592.11,67334,6833270,46.47,IDFCFIRSTB
2026-07-13,EQ,79.99,80.79,79.86,80.83,80.41,80.58,80.39,13772292,1107163489.8,47901,7572498,54.98,IDFCFIRSTB
2026-07-14,EQ,79.91,80.09,78.9,80.58,79.3,79.27,79.37,13422071,1065322754.17,53465,7084027,52.78,IDFCFIRSTB
2026-07-15,EQ,79.42,80.47,79.26,79.27,79.43,79.47,79.81,9684988,772987557.68,56410,4418490,45.62,IDFCFIRSTB
2026-07-16,EQ,79.47,79.6,79.1,79.47,79.2,79.28,79.34,12618374,1001186952.18,56958,8219128,65.14,IDFCFIRSTB
2026-07-17,EQ,79.28,80.8,78.78,79.28,80.0,80.35,79.73,12269443,978212339.21,53643,5350138,43.61,IDFCFIRSTB
2026-07-20,EQ,79.99,82.18,79.7,80.35,81.75,81.78,81.02,24353186,1973028835.0,65394,12923620,53.07,IDFCFIRSTB
2026-07-21,EQ,81.78,82.7,81.52,81.78,81.56,81.66,81.98,17641320,1446221609.03,53212,10937488,62.0,IDFCFIRSTB
2026-07-22,EQ,81.35,81.4,79.72,81.66,80.55,80.72,80.43,13767011,1107225365.36,44182,7294142,52.98,IDFCFIRSTB
2026-07-23,EQ,80.21,81.18,79.7,80.72,80.0,79.9,80.31,11292250,906935117.2,47615,5075646,44.95,IDFCFIRSTB
2026-07-24,EQ,79.7,81.09,78.88,79.9,80.95,80.79,80.14,16260314,1303090697.62,44109,7846801,48.26,IDFCFIRSTB
2026-07-27,EQ,86.3,88.76,84.7,80.79,84.83,84.88,86.41,177923165,15374233107.39,319208,61724504,34.69,IDFCFIRSTB
2026-07-28,EQ,84.79,86.8,84.54,84.88,85.9,85.75,85.92,51450994,4420763369.98,115060,23550350,45.77,IDFCFIRSTB
2026-07-29,EQ,85.75,86.1,84.57,85.75,85.0,85.02,85.39,19050886,1626808992.35,56654,9004509,47.27,IDFCFIRSTB
2026-07-30,EQ,84.93,85.0,83.7,85.02,84.7,84.76,84.48,19103686,1613916452.63,68969,8315764,43.53,IDFCFIRSTB
2026-07-31,EQ,84.76,85.74,84.51,84.76,84.84,84.68,85.13,13981195,1190258895.86,49924,5639960,40.34,IDFCFIRSTB
2026-08-03,EQ,85.31,86.5,84.69,84.68,86.0,86.0,85.43,12814087,1094696303.85,53877,5434561,42.41,IDFCFIRSTB
2026-08-04,EQ,85.87,86.13,84.45,86.0,86.0,86.0,85.59,12931033,1106776663.24,46449,6606105,51.09,IDFCFIRSTB
2026-08-05,EQ,86.0,86.25,84.72,86.0,85.3,85.3,85.4,15014901,1282282987.27,40918,7671235,51.09,IDFCFIRSTB
2026-08-06,EQ,85.21,85.54,84.65,85.3,85.35,85.35,85.08,10687868,909281119.78,36675,6315064,59.09,IDFCFIRSTB
2026-08-07,EQ,85.0,85.14,84.35,85.35,84.62,84.62,84.81,9539702,809106674.74,45972,5865909,61.49,IDFCFIRSTB
2026-08-10,EQ,84.34,85.17,84.34,84.62,85.1,85.1,84.89,12170856,1033170214.8,52685,8039913,66.06,IDFCFIRSTB
2026-08-11,EQ,84.76,84.96,84.07,85.1,84.27,84.27,84.45,5693150,480780119.34,36182,3056236,53.68,IDFCFIRSTB
2026-08-12,EQ,83.61,85.8,83.61,84.27,85.8,85.8,85.06,16618607,1413579700.77,51557,10853891,65.31,IDFCFIRSTB
2026-08-13,EQ,85.7,86.67,85.26,85.8,86.55,86.55,86.14,15202426,1309467332.94,56904,9155472,60.22,IDFCFIRSTB
2026-08-14,EQ,86.42,86.52,85.53,86.55,85.69,85.69,85.9,7407001,636293018.65,33830,4002083,54.03,IDFCFIRSTB
2026-08-17,EQ,85.41,85.59,84.51,85.69,85.05,85.05,85.04,7298246,620643168.78,36254,3383648,46.36,IDFCFIRSTB
2026-08-18,EQ,85.0,85.47,84.6,85.05,84.76,84.76,84.92,8806133,747824885.89,43609,5739017,65.17,IDFCFIRSTB
2026-08-19,EQ,85.24,85.55,85.0,84.76,85.49,85.49,85.3,8681089,740538828.99,44176,4578359,52.74,IDFCFIRSTB
2026-08-20,EQ,85.66,86.5,85.6,85.49,85.84,85.84,86.12,13363445,1150809204.02,42870,7146801,53.48,IDFCFIRSTB
2026-08-21,EQ,85.6,86.75,85.59,85.84,86.75,86.75,86.34,12594633,1087360804.54,52452,7700046,61.14,IDFCFIRSTB
2026-08-24,EQ,86.91,86.94,85.41,86.75,85.89,85.89,85.93,12075489,1037704636.58,52176,6825468,56.52,IDFCFIRSTB
2026-08-25,EQ,85.92,86.17,85.0,85.89,85.0,85.0,85.5,11785661,1007648953.43,44608,5386702,45.71,IDFCFIRSTB
2026-08-26,EQ,85.18,86.59,84.4,85.0,84.4,84.4,85.52,12673198,1083784325.23,39745,6698420,52.86,IDFCFIRSTB
2026-08-27,EQ,84.4,84.88,83.72,84.4,83.8,83.8,84.08,10079336,847519568.36,42880,4929363,48.91,IDFCFIRSTB
2026-08-28,EQ,83.79,84.23,82.95,83.8,83.12,83.12,83.4,14247602,1188291105.47,52105,4520693,31.73,IDFCFIRSTB
2026-08-31,EQ,83.0,85.97,82.5,83.12,85.97,85.97,84.14,19780056,1664274574.71,50574,13379674,67.64,IDFCFIRSTB
2026-09-01,EQ,85.2,85.2,84.1,85.97,84.9,84.9,84.67,11579195,980447835.22,56194,6325295,54.63,IDFCFIRSTB
2026-09-02,EQ,84.61,85.25,83.7,84.9,85.09,85.09,84.79,15107630,1281048088.33,57257,8946129,59.22,IDFCFIRSTB
2026-09-03,EQ,85.09,88.1,85.04,85.09,87.5,87.5,87.08,48178595,4195501536.43,90121,27796589,57.69,IDFCFIRSTB
2026-09-04,EQ,87.81,87.98,86.5,87.5,86.71,86.71,87.13,15288105,1332126831.02,52562,7329344,47.94,IDFCFIRSTB
2026-09-07,EQ,86.29,86.79,85.9,86.71,86.44,86.44,86.31,10617041,916308372.33,42140,6434282,60.6,IDFCFIRSTB
2026-09-08,EQ,86.44,87.1,86.02,86.44,86.5,86.5,86.71,11728338,1016925681.58,45304,6749929,57.55,IDFCFIRSTB
2026-09-09,EQ,86.48,86.95,85.9,86.5,86.0,86.0,86.42,20235616,1748747000.44,79631,12505691,61.8,IDFCFIRSTB
2026-09-10,EQ,86.0,87.4,85.82,86.0,86.84,86.84,86.8,14637414,1270535014.72,44427,7204247,49.22,IDFCFIRSTB
2026-09-11,EQ,86.2,86.73,85.41,86.84,86.21,86.21,86.19,13937814,1201351980.26,55542,7603413,61.64,IDFCFIRSTB
